2025;R4;AMBON;R4;GANTRY LUFFING CRANE;LEVEL LUFFING CRANE;GLC-0002;NISSAN / IHI;;JEPANG;1981;ALAT DERMAGA;;TIDAK MASUK PERHITUNGAN;;Sudah Dihapuskan;;;;;;;;;
2025;R4;AMBON;R4;MOBILE CRANE;MOBILE CRANE;MBC-0010;SUMITOMO;;JEPANG;1984;ALAT DERMAGA;;TIDAK MASUK PERHITUNGAN;;Sudah Dihapuskan;;;;;;;;;
2025;R4;AMBON;R4;TRONTON;TRONTON 03 DE-9971 A;TRN-0003;HINO;;INDONESIA;2007;ALAT PENDUKUNG;;TIDAK MASUK PERHITUNGAN;;Sudah dihapuskan;;;;;;;;;
2025;R4;AMBON;R4;TRONTON;TRONTON 04 DE-8365 A;TRN-0005;NISSAN;;INDONESIA;2009;ALAT PENDUKUNG;;TIDAK MASUK PERHITUNGAN;;Sudah dihapuskan;;;;;;;;;
2025;R4;AMBON;R4;TRONTON;TRONTON 05 DE-9073 AA;TRN-0023;HINO;;INDONESIA;2013;ALAT PENDUKUNG;;TIDAK MASUK PERHITUNGAN;;Usul Hapus;;;;;;;;;
2025;R4;AMBON;R4;TRONTON;TRONTON 06 DE-8241 AB;TRN-0024;HINO;;INDONESIA;2013;ALAT PENDUKUNG;;TIDAK MASUK PERHITUNGAN;;Usul Hapus;;;;;;;;;
2025;R4;AMBON;SPTP;CHASSIS;CHASSIS 03;CHS-0092;STJ SURABAYA;;INDONESIA;2009;ALAT PENDUKUNG;;MASUK PERHITUNGAN;;;;;;;;;;;
2025;R4;AMBON;SPTP;CHASSIS;Chasis Merk Sandejaya Karoseri No.54;CHS-0096;SANDE JAYA;;INDONESIA;2010;ALAT PENDUKUNG;;MASUK PERHITUNGAN;;;;;;;;;;;
2025;R4;AMBON;SPTP;CHASSIS;CHASSIS,40 TON,PUTERA AK,,TPK BELAWAN (B);CHS-0141;PUTERA AK;;INDONESIA;2011;ALAT PENDUKUNG;;MASUK PERHITUNGAN;;;;;;;;;;;
2025;R4;AMBON;SPTP;CHASSIS;Chasis 40 Standart 75 (PT Razasa Agung) no 75;CHS-0200;HYDTRONINDO;;INDONESIA;2013;ALAT PENDUKUNG;;MASUK PERHITUNGAN;;;;;;;;;;;
2025;R4;AMBON;SPTP;CHASSIS;Chasis 40 Standart 75 (PT Razasa Agung) no 78;CHS-0202;HYDTRONINDO;;INDONESIA;2013;ALAT PENDUKUNG;;MASUK PERHITUNGAN;;;;;;;;;;;
2025;R4;AMBON;SPTP;CHASSIS;CHASSIS 04;CHS-0252;PATRIA;;INDONESIA;2013;ALAT PENDUKUNG;;MASUK PERHITUNGAN;;;;;;;;;;;
2025;R4;AMBON;SPTP;CHASSIS;CHASSIS 05;CHS-0293;STJ SURABAYA;;INDONESIA;2014;ALAT PENDUKUNG;;MASUK PERHITUNGAN;;;;;;;;;;;
2025;R4;AMBON;SPTP;CHASSIS;CHASSIS 04;CHS-0294;REMAJA JAYA;;INDONESIA;2014;ALAT PENDUKUNG;;MASUK PERHITUNGAN;;;;;;;;;;;
2025;R4;AMBON;SPTP;CHASSIS;CHASSIS 05;CHS-0326;REMAJA JAYA;;INDONESIA;2015;ALAT PENDUKUNG;;MASUK PERHITUNGAN;;;;;;;;;;;
2025;R4;AMBON;SPTP;CHASSIS;CHASSIS 06;CHS-0327;REMAJA JAYA;;INDONESIA;2015;ALAT PENDUKUNG;;MASUK PERHITUNGAN;;;;;;;;;;;
2025;R4;AMBON;SPTP;CHASSIS;CHASSIS 07;CHS-0328;REMAJA JAYA;;INDONESIA;2015;ALAT PENDUKUNG;;MASUK PERHITUNGAN;;;;;;;;;;;
2025;R4;AMBON;SPTP;CHASSIS;CHASSIS 08;CHS-0329;REMAJA JAYA;;INDONESIA;2015;ALAT PENDUKUNG;;MASUK PERHITUNGAN;;;;;;;;;;;
2025;R4;AMBON;SPTP;CHASSIS;CHASSIS 09;CHS-0451;REMAJA JAYA;;INDONESIA;2019;ALAT PENDUKUNG;;MASUK PERHITUNGAN;;;;;;;;;;;
2025;R4;AMBON;SPTP;CHASSIS;CHASSIS 10;CHS-0452;PATRIA;;INDONESIA;2019;ALAT PENDUKUNG;;MASUK PERHITUNGAN;;;;;;;;;;;
2025;R4;AMBON;SPTP;CHASSIS;CHASSIS 12;CHS-0453;PATRIA;;INDONESIA;2019;ALAT PENDUKUNG;;MASUK PERHITUNGAN;;;;;;;;;;;
2025;R4;AMBON;SPTP;CHASSIS;CHASSIS 13;CHS-0454;PATRIA;;INDONESIA;2019;ALAT PENDUKUNG;;MASUK PERHITUNGAN;;;;;;;;;;;
2025;R4;AMBON;SPTP;CHASSIS;CHASSIS 14;CHS-0455;STJ SURABAYA;;INDONESIA;2019;ALAT PENDUKUNG;;MASUK PERHITUNGAN;;;;;;;;;;;
2025;R4;AMBON;SPTP;CHASSIS;CHASSIS 15;CHS-0456;STJ SURABAYA;;INDONESIA;2019;ALAT PENDUKUNG;;MASUK PERHITUNGAN;;;;;;;;;;;
2025;R4;AMBON;SPTP;CHASSIS;CHASSIS 16;CHS-0457;STJ SURABAYA;;INDONESIA;2019;ALAT PENDUKUNG;;MASUK PERHITUNGAN;;;;;;;;;;;
2025;R4;AMBON;SPTP;CHASSIS;CHASSIS 17;CHS-0458;STJ SURABAYA;;INDONESIA;2019;ALAT PENDUKUNG;;MASUK PERHITUNGAN;;;;;;;;;;;
2025;R4;AMBON;SPTP;CHASSIS;CHASSIS 18;CHS-0459;STJ SURABAYA;;INDONESIA;2019;ALAT PENDUKUNG;;MASUK PERHITUNGAN;;;;;;;;;;;
2025;R4;AMBON;SPTP;FORKLIFT;FORKLIFT 04 7 Ton;FLT-0112;MITSUBISHI;;JEPANG;2012;ALAT CY;;MASUK PERHITUNGAN;;;;;;;;;;;
2025;R4;AMBON;SPTP;FORKLIFT;FORKLIFT 06 32 ton;FLT-0213;KONECRANES;;FINLANDIA;2019;ALAT CY;;MASUK PERHITUNGAN;;;;;;;;;;;
2025;R4;AMBON;SPTP;HEAD TRUCK;HEAD TRUCK 14;HDT-0038;HINO;;JEPANG;2007;ALAT PENDUKUNG;;MASUK PERHITUNGAN;;;;;;;;;;;
2025;R4;AMBON;SPTP;HEAD TRUCK;HEAD TRUCK 15;HDT-0077;HINO;;JEPANG;2010;ALAT PENDUKUNG;;MASUK PERHITUNGAN;;;;;;;;;;;
2025;R4;AMBON;SPTP;HEAD TRUCK;HEAD TRUCK 16;HDT-0078;HINO;;JEPANG;2010;ALAT PENDUKUNG;;MASUK PERHITUNGAN;;;;;;;;;;;
2025;R4;AMBON;SPTP;HEAD TRUCK;HEAD TRUCK 17;HDT-0087;HINO;;JEPANG;2010;ALAT PENDUKUNG;;MASUK PERHITUNGAN;;;;;;;;;;;
2025;R4;AMBON;SPTP;HEAD TRUCK;HEAD TRUCK 03 ;HDT-0200;HINO;;INDONESIA;2013;ALAT PENDUKUNG;;MASUK PERHITUNGAN;;;;;;;;;;;
2025;R4;AMBON;SPTP;HEAD TRUCK;HEAD TRUCK 04 ;HDT-0201;HINO;;INDONESIA;2013;ALAT PENDUKUNG;;MASUK PERHITUNGAN;;;;;;;;;;;
2025;R4;AMBON;SPTP;HEAD TRUCK;HEAD TRUCK 05 ;HDT-0223;HINO;;INDONESIA;2014;ALAT PENDUKUNG;;MASUK PERHITUNGAN;;;;;;;;;;;
2025;R4;AMBON;SPTP;HEAD TRUCK;HEAD TRUCK 06 ;HDT-0224;HINO;;INDONESIA;2014;ALAT PENDUKUNG;;MASUK PERHITUNGAN;;;;;;;;;;;
2025;R4;AMBON;SPTP;HEAD TRUCK;HEAD TRUCK 07 ;HDT-0266;HINO;;INDONESIA;2015;ALAT PENDUKUNG;;MASUK PERHITUNGAN;;;;;;;;;;;
2025;R4;AMBON;SPTP;HEAD TRUCK;HEAD TRUCK 08 ;HDT-0267;HINO;;INDONESIA;2015;ALAT PENDUKUNG;;MASUK PERHITUNGAN;;;;;;;;;;;
2025;R4;AMBON;SPTP;HEAD TRUCK;HEAD TRUCK 09;HDT-0369;HINO;;INDONESIA;2019;ALAT PENDUKUNG;;MASUK PERHITUNGAN;;;;;;;;;;;
2025;R4;AMBON;SPTP;HEAD TRUCK;HEAD TRUCK 10;HDT-0370;HINO;;INDONESIA;2019;ALAT PENDUKUNG;;MASUK PERHITUNGAN;;;;;;;;;;;
2025;R4;AMBON;SPTP;HEAD TRUCK;HEAD TRUCK 11;HDT-0371;HINO;;INDONESIA;2019;ALAT PENDUKUNG;;MASUK PERHITUNGAN;;;;;;;;;;;
2025;R4;AMBON;SPTP;HEAD TRUCK;HEAD TRUCK 12;HDT-0372;HINO;;INDONESIA;2019;ALAT PENDUKUNG;;MASUK PERHITUNGAN;;;;;;;;;;;
2025;R4;AMBON;SPTP;HEAD TRUCK;HEAD TRUCK 13;HDT-0373;HINO;;INDONESIA;2019;ALAT PENDUKUNG;;MASUK PERHITUNGAN;;;;;;;;;;;
2025;R4;AMBON;SPTP;QUAY CONTAINER CRANE;CONTAINER CRANE 02;QCC-0036;NISSAN / IHI;;JEPANG;2005;ALAT DERMAGA;;MASUK PERHITUNGAN;;;;;;;;;;;
2025;R4;AMBON;SPTP;QUAY CONTAINER CRANE;CONTAINER CRANE 01;QCC-0068;DOOSAN;;KOREA SELATAN;2017;ALAT DERMAGA;;MASUK PERHITUNGAN;;;;;;;;;;;
2025;R4;AMBON;SPTP;REACH STACKER;REACH STACKER 02;RST-0017;KALMAR;;CHINA;2009;ALAT CY;;MASUK PERHITUNGAN;;;;;;;;;;;
2025;R4;AMBON;SPTP;REACH STACKER;REACH STACKER 04;RST-0043;TEREX;;PRANCIS;2014;ALAT CY;;MASUK PERHITUNGAN;;;;;;;;;;;
2025;R4;AMBON;SPTP;REACH STACKER;REACH STACKER 05;RST-0108;KALMAR;;CHINA;2019;ALAT CY;;MASUK PERHITUNGAN;;;;;;;;;;;
2025;R4;AMBON;SPTP;RUBBER TYRED GANTRY CRANE;RTG 01;RTG-0053;ZPMP;;CHINA;2000;ALAT CY;;MASUK PERHITUNGAN;;;;;;;;;;;
2025;R4;AMBON;SPTP;RUBBER TYRED GANTRY CRANE;RTG 02;RTG-0054;ZPMP;;CHINA;2000;ALAT CY;;MASUK PERHITUNGAN;;;;;;;;;;;
2025;R4;AMBON;SPTP;RUBBER TYRED GANTRY CRANE;RTG 03;RTG-0125;DINSON;;CHINA;2017;ALAT CY;;MASUK PERHITUNGAN;;;;;;;;;;;
2025;R4;AMBON;SPTP;RUBBER TYRED GANTRY CRANE;RTG 04;RTG-0126;DINSON;;CHINA;2017;ALAT CY;;MASUK PERHITUNGAN;;;;;;;;;;;
2025;R4;AMBON;SPTP;RUBBER TYRED GANTRY CRANE;RTG 05;RTG-0127;DINSON;;CHINA;2017;ALAT CY;;MASUK PERHITUNGAN;;;;;;;;;;;
2025;R4;AMBON;SPTP;TRONTON;TRONTON 07 DE-9726 AC;TRN-0034;HINO;;INDONESIA;2016;ALAT PENDUKUNG;;MASUK PERHITUNGAN;;;;;;;;;;;
2025;R4;BALIKPAPAN;SPMT;FORKLIFT;FORKLIFT 5 TON;FLT-0004;TOYOTA;;JEPANG;1983;ALAT CY;;MASUK PERHITUNGAN;;;;;;;;;;;
2025;R4;BALIKPAPAN;SPMT;FORKLIFT;FORKLIFT 3 TON 01;FLT-0125;MITSUBISHI;;JEPANG;2013;ALAT CY;;MASUK PERHITUNGAN;;;;;;;;;;;
2025;R4;BALIKPAPAN;SPMT;FORKLIFT;FORKLIFT 3 TON 02;FLT-0126;MITSUBISHI;;JEPANG;2013;ALAT CY;;MASUK PERHITUNGAN;;;;;;;;;;;
2025;R4;BALIKPAPAN;SPMT;FORKLIFT;FORKLIFT 7 TON;FLT-0127;MITSUBISHI;;JEPANG;2013;ALAT CY;;MASUK PERHITUNGAN;;;;;;;;;;;
2025;R4;BALIKPAPAN;SPMT;MOBILE CRANE;MOBILE CRANE 25 TON;MBC-0001;LINKBELT;;JEPANG;1980;ALAT DERMAGA;;MASUK PERHITUNGAN;;;;;;;;;;;
2025;R4;BALIKPAPAN;SPMT;MOBILE CRANE;MOBILE CRANE 35 TON;MBC-0004;IHI;;JEPANG;1983;ALAT DERMAGA;;MASUK PERHITUNGAN;;;;;;;;;;;
2025;R4;BALIKPAPAN;SPMT;MOBILE CRANE;MOBILE CRANE 60 TON;MBC-0049;KATO;;JEPANG;2019;ALAT DERMAGA;;MASUK PERHITUNGAN;;;;;;;;;;;
2025;R4;BALIKPAPAN;SPMT;TRONTON;TRONTON 01;TRN-0004;NISSAN;;INDONESIA;2009;ALAT PENDUKUNG;;MASUK PERHITUNGAN;;;;;;;;;;;
2025;R4;BALIKPAPAN;SPMT;TRONTON;TRONTON 02;TRN-0008;NISSAN;;INDONESIA;2010;ALAT PENDUKUNG;;MASUK PERHITUNGAN;;;;;;;;;;;
2025;R4;BIAK;R4;CHASSIS;CHASIS 40 FEET #01;CHS-0295;REMAJA;RM40T;INDONESIA;2014;ALAT PENDUKUNG;;MASUK PERHITUNGAN;;;;;;;;;;;
2025;R4;BIAK;R4;CHASSIS;CHASIS 40 FEET #02;CHS-0296;REMAJA;RM40T;INDONESIA;2014;ALAT PENDUKUNG;;MASUK PERHITUNGAN;;;;;;;;;;;
2025;R4;BIAK;R4;CHASSIS;CHASIS 20 FEET #01;CHS-0297;PATRIA;09-20-IDB 99;INDONESIA;2014;ALAT PENDUKUNG;;MASUK PERHITUNGAN;;;;;;;;;;;
2025;R4;BIAK;R4;CHASSIS;CHASIS 20 FEET #02;CHS-0298;PATRIA;15-20-IDB 99;INDONESIA;2014;ALAT PENDUKUNG;;MASUK PERHITUNGAN;;;;;;;;;;;
2025;R4;BIAK;R4;FORKLIFT;FORKLIF 7 TON;FLT-0116;MITSUBISHI;FD 70;JEPANG;2012;ALAT CY;;MASUK PERHITUNGAN;;;;;;;;;;;
2025;R4;BIAK;R4;FORKLIFT;FORKLIF 32 TON;FLT-0141;KALMAR;DCF 330;CHINA;2014;ALAT CY;;MASUK PERHITUNGAN;;;;;;;;;;;
2025;R4;BIAK;R4;HEAD TRUCK;HEAD TRUCK DS 9136 C # HT.01;HDT-0225;HINO;FM 320P;INDONESIA;2014;ALAT PENDUKUNG;;MASUK PERHITUNGAN;;;;;;;;;;;
2025;R4;BIAK;R4;HEAD TRUCK;HEAD TRUCK DD 8696 KP # HT.02;HDT-0226;HINO;FM 320P;INDONESIA;2014;ALAT PENDUKUNG;;MASUK PERHITUNGAN;;;;;;;;;;;
2025;R4;BIAK;R4;REACH STACKER;REACH STACKER 01;RST-0065;KALMAR;DRT 450;CHINA;2015;ALAT CY;;MASUK PERHITUNGAN;;;;;;;;;;;
2025;R4;BIAK;R4;TRONTON;TRONTON DS 9099 C # TR.01;TRN-0020;HINO;FM 260 JD;INDONESIA;2012;ALAT PENDUKUNG;;MASUK PERHITUNGAN;;;;;;;;;;;
2025;R4;BIAK;R4;TRONTON;TRONTON DS 9101 C # TR.02;TRN-0021;HINO;FM 260 JD;INDONESIA;2012;ALAT PENDUKUNG;;MASUK PERHITUNGAN;;;;;;;;;;;
2025;R4;BITUNG;R4;CHASSIS;CHASSIS 20 02;CHS-0016;BUMI PALAPA;;INDONESIA;1985;ALAT PENDUKUNG;;MASUK PERHITUNGAN;;;;;;;;;;;
2025;R4;BITUNG;R4;CHASSIS;CHASSIS 40 03;CHS-0080;REMAJA;;INDONESIA;2008;ALAT PENDUKUNG;;MASUK PERHITUNGAN;;;;;;;;;;;
2025;R4;BITUNG;R4;CHASSIS;CHASSIS 40 01;CHS-0181;PATRIA PALAPA;RANGKA/40';INDONESIA;2011;ALAT PENDUKUNG;;MASUK PERHITUNGAN;;;;;;;;;;;
2025;R4;BITUNG;R4;CHASSIS;CHASSIS 40 02;CHS-0284;PATRIA PALAPA;RM 20 (20 FEET);INDONESIA;2014;ALAT PENDUKUNG;;MASUK PERHITUNGAN;;;;;;;;;;;
2025;R4;BITUNG;R4;FORKLIFT;FORKLIFT 5 TON;FLT-0027;MITSUBISHI;FD-50;JEPANG;2005;ALAT CY;;MASUK PERHITUNGAN;;;;;;;;;;;
2025;R4;BITUNG;R4;FORKLIFT;FORKLIFT 2 TON;FLT-0088;DATSUN;;JEPANG;2011;ALAT CY;;TIDAK MASUK PERHITUNGAN;;Sudah dihapuskan;;;;;;;;;
2025;R4;BITUNG;R4;FORKLIFT;FORKLIFT 7 TON 01;FLT-0110;MITSUBISHI;FD-70NM;JEPANG;2012;ALAT CY;;MASUK PERHITUNGAN;;;;;;;;;;;
2025;R4;BITUNG;R4;FORKLIFT;FORKLIFT 7 TON 02;FLT-0139;MITSUBISHI;FD-70NM;JEPANG;2014;ALAT CY;;MASUK PERHITUNGAN;;;;;;;;;;;
2025;R4;BITUNG;R4;FORKLIFT;FORKLIFT 2 TON BATTERY;FLT-0140;MITSUBISHI;;JEPANG;2014;ALAT CY;;TIDAK MASUK PERHITUNGAN;;Sudah dihapuskan;;;;;;;;;
2025;R4;BITUNG;R4;FORKLIFT;FORKLIFT 3 TON;FLT-0211;TCM;FD-30;JEPANG;2019;ALAT CY;;MASUK PERHITUNGAN;;;;;;;;;;;
2025;R4;BITUNG;R4;HEAD TRUCK;HEAD TRUCK 01;HDT-0151;HINO;FM.320 TI;INDONESIA;2011;ALAT PENDUKUNG;;MASUK PERHITUNGAN;;;;;;;;;;;
2025;R4;BITUNG;R4;HEAD TRUCK;HEAD TRUCK 03;HDT-0152;HINO;FM.320 TI;INDONESIA;2011;ALAT PENDUKUNG;;MASUK PERHITUNGAN;;;;;;;;;;;
2025;R4;BITUNG;R4;HEAD TRUCK;HEAD TRUCK 02;HDT-0218;HINO;FM.320 TI;INDONESIA;2014;ALAT PENDUKUNG;;MASUK PERHITUNGAN;;;;;;;;;;;
2025;R4;BITUNG;R4;MOBILE CRANE;MOBILE CRANE IHI;MBC-0009;IHI;TH 350 S;JEPANG;1984;ALAT DERMAGA;;MASUK PERHITUNGAN;;;;;;;;;;;
2025;R4;BITUNG;R4;MOBILE CRANE;CRAWLER CRANE;MBC-0050;IHI;;JEPANG;2019;ALAT DERMAGA;;TIDAK MASUK PERHITUNGAN;;Sudah dihapuskan;;;;;;;;;
2025;R4;BITUNG;R4;REACH STACKER;REACH STACKER 01;RST-0025;KALMAR;DRF 450-60S5M;JEPANG;2010;ALAT CY;;MASUK PERHITUNGAN;;;;;;;;;;;
2025;R4;BITUNG;R4;REACH STACKER;REACH STACKER 02;RST-0027;KALMAR;DRF 450-60S5M;CHINA;2011;ALAT CY;;MASUK PERHITUNGAN;;;;;;;;;;;
2025;R4;FAKFAK;R4;CHASSIS;TRAILER 02 (KSU) (Relokasi dari Cab.Pantoloan);CHS-0253;-;;INDONESIA;2013;ALAT PENDUKUNG;;MASUK PERHITUNGAN;;;;;;;;;;;
2025;R4;FAKFAK;R4;FORKLIFT;FORKLIFT 5 ton;FLT-0057;TOYOTA;FD50N;JEPANG;2008;ALAT CY;;MASUK PERHITUNGAN;;Rusak (tidak ada kompresi);;;;;;;;;
2025;R4;FAKFAK;R4;FORKLIFT;FORKLIFT 3 Ton;FLT-0133;MITSUBISHI;FD30N;JEPANG;2013;ALAT CY;;MASUK PERHITUNGAN;;;;;;;;;;;
2025;R4;FAKFAK;R4;HEAD TRUCK;Head Truck Hino FM 320 (relokasi dr Cab.Pantoloan);HDT-0203;HINO;FM.320 TI;INDONESIA;2013;ALAT PENDUKUNG;;MASUK PERHITUNGAN;;;;;;;;;;;
2025;R4;FAKFAK;R4;REACH STACKER;REACH STACKER;RST-0067;SANY;DRF 450-60S5M;CHINA;2016;ALAT DERMAGA;;MASUK PERHITUNGAN;;;;;;;;;;;
2025;R4;FAKFAK;R4;TRONTON;TRONTON 02;TRN-0026;HINO;JO8E-UF;INDONESIA;2013;ALAT PENDUKUNG;;MASUK PERHITUNGAN;;;;;;;;;;;
2025;R4;FAKFAK;R4;TRONTON;TRONTON 01;TRN-0035;HINO;FM8JN1D;INDONESIA;2016;ALAT PENDUKUNG;;MASUK PERHITUNGAN;;;;;;;;;;;
2025;R4;GORONTALO;R4;CHASSIS;CHASSIS 02;CHS-0191;REMAJA;;INDONESIA;2012;ALAT PENDUKUNG;;MASUK PERHITUNGAN;;;;;;;;;;;
2025;R4;GORONTALO;R4;CHASSIS;CHASSIS;CHS-0192;PATRIA;FBT 24;INDONESIA;2012;ALAT PENDUKUNG;;MASUK PERHITUNGAN;;;;;;;;;;;
2025;R4;GORONTALO;R4;CHASSIS;CHASSIS;CHS-0193;PATRIA;FBT 24;INDONESIA;2012;ALAT PENDUKUNG;;MASUK PERHITUNGAN;;;;;;;;;;;
2025;R4;GORONTALO;R4;CHASSIS;CHASSIS 03;CHS-0281;STJ SURABAYA;;INDONESIA;2014;ALAT PENDUKUNG;;MASUK PERHITUNGAN;;;;;;;;;;;
2025;R4;GORONTALO;R4;CHASSIS;CHASSIS 04;CHS-0282;STJ SURABAYA;;INDONESIA;2014;ALAT PENDUKUNG;;MASUK PERHITUNGAN;;;;;;;;;;;
2025;R4;GORONTALO;R4;CHASSIS;CHASSIS;CHS-0283;REMAJA;;INDONESIA;2014;ALAT PENDUKUNG;;MASUK PERHITUNGAN;;;;;;;;;;;
2025;R4;GORONTALO;R4;CHASSIS;CHASSIS;CHS-0448;MJM;TRIPLE AXEL;INDONESIA;2019;ALAT PENDUKUNG;;MASUK PERHITUNGAN;;;;;;;;;;;
2025;R4;GORONTALO;R4;CHASSIS;CHASSIS;CHS-0449;MJM;TRIPLE AXEL;INDONESIA;2019;ALAT PENDUKUNG;;MASUK PERHITUNGAN;;;;;;;;;;;
2025;R4;GORONTALO;R4;CHASSIS;CHASSIS;CHS-0450;MJM;TRIPLE AXEL;INDONESIA;2019;ALAT PENDUKUNG;;MASUK PERHITUNGAN;;;;;;;;;;;
2025;R4;GORONTALO;R4;FIX JIB CRANE;FIXED LEVEL LUFFING CRANE 01;FJC-0008;GYC;GYGD32T-32M;CHINA;2016;ALAT DERMAGA;;MASUK PERHITUNGAN;;;;;;;;;;;
2025;R4;GORONTALO;R4;FIX JIB CRANE;FIXED LEVEL LUFFING CRANE 02;FJC-0009;GYC;GYGD32T-32M;CHINA;2016;ALAT DERMAGA;;MASUK PERHITUNGAN;;;;;;;;;;;
2025;R4;GORONTALO;R4;FORKLIFT;FORKLIFT 32 TON;FLT-0109;KALMAR;DCF 330;CHINA;2012;ALAT CY;;MASUK PERHITUNGAN;;;;;;;;;;;
2025;R4;GORONTALO;R4;FORKLIFT;FORKLIFT 7 TON 01;FLT-0165;MITSUBISHI;FD 70;JEPANG;2015;ALAT CY;;MASUK PERHITUNGAN;;;;;;;;;;;
2025;R4;GORONTALO;R4;FORKLIFT;FORKLIFT 7 TON 02;FLT-0210;MITSUBISHI;FD 70 NH;JEPANG;2019;ALAT CY;;MASUK PERHITUNGAN;;;;;;;;;;;
2025;R4;GORONTALO;R4;HEAD TRUCK;HEAD TRUCK 02;HDT-0182;HINO;FM320P;INDONESIA;2012;ALAT PENDUKUNG;;MASUK PERHITUNGAN;;;;;;;;;;;
2025;R4;GORONTALO;R4;HEAD TRUCK;HEAD TRUCK 03;HDT-0216;HINO;SG260J;INDONESIA;2014;ALAT PENDUKUNG;;MASUK PERHITUNGAN;;;;;;;;;;;
2025;R4;GORONTALO;R4;HEAD TRUCK;HEAD TRUCK 04;HDT-0217;HINO;SG260J;INDONESIA;2014;ALAT PENDUKUNG;;MASUK PERHITUNGAN;;;;;;;;;;;
2025;R4;GORONTALO;R4;HEAD TRUCK;HEAD TRUCK 08;HDT-0366;HINO;SG260TH;INDONESIA;2019;ALAT PENDUKUNG;;MASUK PERHITUNGAN;;;;;;;;;;;
2025;R4;GORONTALO;R4;HEAD TRUCK;HEAD TRUCK 09;HDT-0367;HINO;FM350TH(CH);INDONESIA;2019;ALAT PENDUKUNG;;MASUK PERHITUNGAN;;;;;;;;;;;
2025;R4;GORONTALO;R4;HEAD TRUCK;HEAD TRUCK 10;HDT-0368;HINO;FM350TH(CH);INDONESIA;2019;ALAT PENDUKUNG;;MASUK PERHITUNGAN;;;;;;;;;;;
2025;R4;GORONTALO;R4;REACH STACKER;REACH STACKER 02;RST-0088;KALMAR;DRU 450-62 S5M;CHINA;2018;ALAT CY;;MASUK PERHITUNGAN;;;;;;;;;;;
2025;R4;GORONTALO;R4;REACH STACKER;REACH STACKER 01;RST-0095;KALMAR;DRU 450-62 S5M;CHINA;2018;ALAT CY;;MASUK PERHITUNGAN;;;;;;;;;;;
2025;R4;GORONTALO;R4;REACH STACKER;REACH STACKER 03;RST-0107;KALMAR;;CHINA;2019;ALAT CY;;MASUK PERHITUNGAN;;;;;;;;;;;
2025;R4;GORONTALO;R4;TRONTON;TRONTON 01;TRN-0015;HINO;FM260JD;INDONESIA;2012;ALAT PENDUKUNG;;MASUK PERHITUNGAN;;;;;;;;;;;
2025;R4;GORONTALO;R4;TRONTON;TRONTON 05;TRN-0031;HINO;FM260JD;INDONESIA;2015;ALAT PENDUKUNG;;MASUK PERHITUNGAN;;;;;;;;;;;
2025;R4;GORONTALO;R4;TRONTON;TRONTON 06;TRN-0036;HINO;FM260JD;INDONESIA;2018;ALAT PENDUKUNG;;MASUK PERHITUNGAN;;;;;;;;;;;
2025;R4;GORONTALO;R4;TRONTON;TRONTON 07;TRN-0037;HINO;FM260JD;INDONESIA;2018;ALAT PENDUKUNG;;MASUK PERHITUNGAN;;;;;;;;;;;
2025;R4;JAYAPURA;SPTP;CHASSIS;CHASIS 01;CHS-0196;REMAJA;;INDONESIA;2012;ALAT PENDUKUNG;;MASUK PERHITUNGAN;;;;;;;;;;;
2025;R4;JAYAPURA;SPTP;CHASSIS;CHASIS 02;CHS-0197;REMAJA;;INDONESIA;2012;ALAT PENDUKUNG;;MASUK PERHITUNGAN;;;;;;;;;;;
2025;R4;JAYAPURA;SPTP;CHASSIS;CHASIS 03;CHS-0198;REMAJA;;INDONESIA;2012;ALAT PENDUKUNG;;MASUK PERHITUNGAN;;;;;;;;;;;
2025;R4;JAYAPURA;SPTP;CHASSIS;CHASIS 04;CHS-0199;REMAJA;;INDONESIA;2012;ALAT PENDUKUNG;;MASUK PERHITUNGAN;;;;;;;;;;;
2025;R4;JAYAPURA;SPTP;FORKLIFT;FORKLIFT 3 TON 03;FLT-0009;DATSUN;;JEPANG;1985;ALAT CY;;TIDAK MASUK PERHITUNGAN;;Usul Hapus;;;;;;;;;
2025;R4;JAYAPURA;SPTP;FORKLIFT;FORKLIFT 7 TON 01;FLT-0063;TOYOTA;;JEPANG;2009;ALAT CY;;MASUK PERHITUNGAN;;;;;;;;;;;
2025;R4;JAYAPURA;SPTP;FORKLIFT;FORKLIFT 5 TON 02;FLT-0204;MITSUBISHI;;JEPANG;2018;ALAT CY;;MASUK PERHITUNGAN;;;;;;;;;;;
2025;R4;JAYAPURA;SPTP;HEAD TRUCK;HEAD TRUCK 01;HDT-0185;HINO;;INDONESIA;2012;ALAT PENDUKUNG;;MASUK PERHITUNGAN;;;;;;;;;;;
2025;R4;JAYAPURA;SPTP;HEAD TRUCK;HEAD TRUCK 02;HDT-0186;HINO;;INDONESIA;2012;ALAT PENDUKUNG;;MASUK PERHITUNGAN;;;;;;;;;;;
2025;R4;JAYAPURA;SPTP;HEAD TRUCK;HEAD TRUCK 03;HDT-0187;HINO;;INDONESIA;2012;ALAT PENDUKUNG;;MASUK PERHITUNGAN;;;;;;;;;;;
2025;R4;JAYAPURA;SPTP;HEAD TRUCK;HEAD TRUCK 04;HDT-0188;HINO;;INDONESIA;2012;ALAT PENDUKUNG;;MASUK PERHITUNGAN;;;;;;;;;;;
2025;R4;JAYAPURA;SPTP;MOBILE CRANE;MOBILE CRANE;MBC-0011;NISSAN;;JEPANG;1984;ALAT DERMAGA;;TIDAK MASUK PERHITUNGAN;;Usul Hapus;;;;;;;;;
2025;R4;JAYAPURA;SPTP;QUAY CONTAINER CRANE;QUAY CONTAINER CRANE 01;QCC-0010;MITSUI PACECO;;JEPANG;1985;ALAT DERMAGA;;MASUK PERHITUNGAN;;;;;;;;;;;
2025;R4;JAYAPURA;SPTP;QUAY CONTAINER CRANE;QUAY CONTAINER CRANE 02;QCC-0017;ZPMC;;CHINA;1994;ALAT DERMAGA;;MASUK PERHITUNGAN;;;;;;;;;;;
2025;R4;JAYAPURA;SPTP;REACH STACKER;REACH STACKER 01;RST-0033;KALMAR;;CHINA;2012;ALAT CY;;MASUK PERHITUNGAN;;;;;;;;;;;
2025;R4;JAYAPURA;SPTP;REACH STACKER;REACH STACKER 02;RST-0113;KALMAR;;CHINA;2019;ALAT CY;;MASUK PERHITUNGAN;;;;;;;;;;;
2025;R4;JAYAPURA;SPTP;REACH STACKER;REACH STACKER 03;RST-0114;KALMAR;;CHINA;2019;ALAT CY;;MASUK PERHITUNGAN;;;;;;;;;;;
2025;R4;JAYAPURA;SPTP;RUBBER TYRED GANTRY CRANE;RUBBER TYRED GANTRY CRANE 02;RTG-0033;ZPMC;;CHINA;1998;ALAT CY;;MASUK PERHITUNGAN;;;;;;;;;;;
2025;R4;JAYAPURA;SPTP;RUBBER TYRED GANTRY CRANE;RUBBER TYRED GANTRY CRANE 01;RTG-0039;ZPMC;;CHINA;1999;ALAT CY;;MASUK PERHITUNGAN;;;;;;;;;;;
2025;R4;JAYAPURA;SPTP;RUBBER TYRED GANTRY CRANE;RUBBER TYRED GANTRY CRANE 03;RTG-0128;DINSON;;CHINA;2017;ALAT CY;;MASUK PERHITUNGAN;;;;;;;;;;;
2025;R4;JAYAPURA;SPTP;RUBBER TYRED GANTRY CRANE;RUBBER TYRED GANTRY CRANE 04;RTG-0129;DINSON;;CHINA;2017;ALAT CY;;MASUK PERHITUNGAN;;;;;;;;;;;
2025;R4;JAYAPURA;SPTP;TRONTON;TRONTON 01;TRN-0029;HINO;;INDONESIA;2014;ALAT PENDUKUNG;;MASUK PERHITUNGAN;;;;;;;;;;;
2025;R4;JAYAPURA;SPTP;TRONTON;TRONTON 02;TRN-0030;HINO;;INDONESIA;2014;ALAT PENDUKUNG;;MASUK PERHITUNGAN;;;;;;;;;;;
2025;R4;JAYAPURA;SPTP;TRONTON;TRONTON 03;TRN-0041;HINO;;INDONESIA;2018;ALAT PENDUKUNG;;MASUK PERHITUNGAN;;;;;;;;;;;
2025;R4;JAYAPURA;SPTP;TRONTON;TRONTON 04;TRN-0042;HINO;;INDONESIA;2018;ALAT PENDUKUNG;;MASUK PERHITUNGAN;;;;;;;;;;;
2025;R4;KENDARI;SPTP;CHASSIS;CHASSIS 20 FEET;CHS-0059;PATRIA;;INDONESIA;1999;ALAT PENDUKUNG;;MASUK PERHITUNGAN;;;;;;;;;;;
2025;R4;KENDARI;SPTP;CHASSIS;CHASSIS 20 FEET;CHS-0060;PATRIA;;INDONESIA;1999;ALAT PENDUKUNG;;MASUK PERHITUNGAN;;;;;;;;;;;
2025;R4;KENDARI;SPTP;CHASSIS;CHASSIS 20 FEET;CHS-0249;STJ SURABAYA;;INDONESIA;2013;ALAT PENDUKUNG;;MASUK PERHITUNGAN;;;;;;;;;;;
2025;R4;KENDARI;SPTP;CHASSIS;CHASSIS 40 FEET HEAD TRUCK 01;CHS-0315;REMAJA;;INDONESIA;2015;ALAT PENDUKUNG;;MASUK PERHITUNGAN;;;;;;;;;;;
2025;R4;KENDARI;SPTP;CHASSIS;CHASSIS 40 FEET HEAD TRUCK 02;CHS-0316;REMAJA;;INDONESIA;2015;ALAT PENDUKUNG;;MASUK PERHITUNGAN;;;;;;;;;;;
2025;R4;KENDARI;SPTP;CHASSIS;CHASSIS 20 FEET HEAD TRUCK 03;CHS-0317;REMAJA;;INDONESIA;2015;ALAT PENDUKUNG;;MASUK PERHITUNGAN;;;;;;;;;;;
2025;R4;KENDARI;SPTP;CHASSIS;CHASSIS (TR 01);CHS-0438;GEMALA SARANA UPAYA;;INDONESIA;2019;ALAT PENDUKUNG;;MASUK PERHITUNGAN;;;;;;;;;;;
2025;R4;KENDARI;SPTP;CHASSIS;CHASSIS (TR 02);CHS-0439;GEMALA SARANA UPAYA;;INDONESIA;2019;ALAT PENDUKUNG;;MASUK PERHITUNGAN;;;;;;;;;;;
2025;R4;KENDARI;SPTP;CHASSIS;CHASSIS (TR 03);CHS-0440;GEMALA SARANA UPAYA;;INDONESIA;2019;ALAT PENDUKUNG;;MASUK PERHITUNGAN;;;;;;;;;;;
2025;R4;KENDARI;SPTP;CHASSIS;CHASSIS (TR 04);CHS-0441;GEMALA SARANA UPAYA;;INDONESIA;2019;ALAT PENDUKUNG;;MASUK PERHITUNGAN;;;;;;;;;;;
2025;R4;KENDARI;SPTP;CHASSIS;CHASSIS (TR 05);CHS-0442;GEMALA SARANA UPAYA;;INDONESIA;2019;ALAT PENDUKUNG;;MASUK PERHITUNGAN;;;;;;;;;;;
2025;R4;KENDARI;SPTP;CHASSIS;CHASSIS (TR 06);CHS-0443;GEMALA SARANA UPAYA;;INDONESIA;2019;ALAT PENDUKUNG;;MASUK PERHITUNGAN;;;;;;;;;;;
2025;R4;KENDARI;SPTP;CHASSIS;CHASSIS (TR 07);CHS-0444;GEMALA SARANA UPAYA;;INDONESIA;2019;ALAT PENDUKUNG;;MASUK PERHITUNGAN;;;;;;;;;;;
2025;R4;KENDARI;SPTP;CHASSIS;CHASSIS (TR 08);CHS-0445;GEMALA SARANA UPAYA;;INDONESIA;2019;ALAT PENDUKUNG;;MASUK PERHITUNGAN;;;;;;;;;;;
2025;R4;KENDARI;SPTP;CHASSIS;CHASSIS (TR 09);CHS-0446;GEMALA SARANA UPAYA;;INDONESIA;2019;ALAT PENDUKUNG;;MASUK PERHITUNGAN;;;;;;;;;;;
2025;R4;KENDARI;SPTP;CHASSIS;CHASSIS (TR 10);CHS-0447;GEMALA SARANA UPAYA;;INDONESIA;2019;ALAT PENDUKUNG;;MASUK PERHITUNGAN;;;;;;;;;;;
2025;R4;KENDARI;SPTP;FORKLIFT;FORKLIFT 7 TON 01;FLT-0108;MITSUBISHI;;JEPANG;2012;ALAT CY;;MASUK PERHITUNGAN;;;;;;;;;;;
2025;R4;KENDARI;SPTP;FORKLIFT;FORKLIFT 32 TON;FLT-0130;KALMAR;;CHINA;2013;ALAT CY;;MASUK PERHITUNGAN;;;;;;;;;;;
2025;R4;KENDARI;SPTP;FORKLIFT;FORKLIFT 7 TON 02;FLT-0201;MITSUBISHI;;JEPANG;2018;ALAT CY;;MASUK PERHITUNGAN;;;;;;;;;;;
2025;R4;KENDARI;SPTP;FORKLIFT;FORKLIFT 7 TON 03;FLT-0202;MITSUBISHI;;JEPANG;2018;ALAT CY;;MASUK PERHITUNGAN;;;;;;;;;;;
2025;R4;KENDARI;SPTP;HEAD TRUCK;HEAD TRUCK 01;HDT-0180;HINO;;INDONESIA;2012;ALAT PENDUKUNG;;MASUK PERHITUNGAN;;;;;;;;;;;
2025;R4;KENDARI;SPTP;HEAD TRUCK;HEAD TRUCK 02;HDT-0181;HINO;;INDONESIA;2012;ALAT PENDUKUNG;;MASUK PERHITUNGAN;;;;;;;;;;;
2025;R4;KENDARI;SPTP;HEAD TRUCK;HEAD TRUCK 03;HDT-0197;HINO;;INDONESIA;2013;ALAT PENDUKUNG;;MASUK PERHITUNGAN;;;;;;;;;;;
2025;R4;KENDARI;SPTP;HEAD TRUCK;HEAD TRUCK 04;HDT-0354;HINO;;INDONESIA;2018;ALAT PENDUKUNG;;MASUK PERHITUNGAN;;;;;;;;;;;
2025;R4;KENDARI;SPTP;HEAD TRUCK;HEAD TRUCK 05;HDT-0355;HINO;;INDONESIA;2018;ALAT PENDUKUNG;;MASUK PERHITUNGAN;;;;;;;;;;;
2025;R4;KENDARI;SPTP;QUAY CONTAINER CRANE;QUAY CONTAINER CRANE 02;QCC-0023;SHANGHAI ZHENHUA PORT;;CHINA;1999;ALAT DERMAGA;;MASUK PERHITUNGAN;;;;;;;;;;;
2025;R4;KENDARI;SPTP;QUAY CONTAINER CRANE;QUAY CONTAINER CRANE 01;QCC-0034;DOOSAN;;KOREA SELATAN;2005;ALAT DERMAGA;;MASUK PERHITUNGAN;;;;;;;;;;;
2025;R4;KENDARI;SPTP;REACH STACKER;REACH STACKER 01;RST-0031;KALMAR;;CHINA;2012;ALAT CY;;MASUK PERHITUNGAN;;;;;;;;;;;
2025;R4;KENDARI;SPTP;REACH STACKER;REACH STACKER 02;RST-0093;KALMAR;;CHINA;2018;ALAT CY;;MASUK PERHITUNGAN;;;;;;;;;;;
2025;R4;KENDARI;SPTP;REACH STACKER;REACH STACKER 03;RST-0094;KALMAR;;CHINA;2018;ALAT CY;;MASUK PERHITUNGAN;;;;;;;;;;;
2025;R4;KENDARI;SPTP;RUBBER TYRED GANTRY CRANE;RUBBER TYRED GANTRY (RTG 01);RTG-0082;KALMAR;;CHINA;2006;ALAT CY;;MASUK PERHITUNGAN;;;;;;;;;;;
2025;R4;KENDARI;SPTP;RUBBER TYRED GANTRY CRANE;RUBBER TYRED GANTRY (RTG 02);RTG-0083;KALMAR;;CHINA;2006;ALAT CY;;MASUK PERHITUNGAN;;;;;;;;;;;
2025;R4;KENDARI;SPTP;RUBBER TYRED GANTRY CRANE;RUBBER TYRED GANTRY (RTG 03);RTG-0084;KALMAR;;CHINA;2006;ALAT CY;;MASUK PERHITUNGAN;;;;;;;;;;;
2025;R4;KENDARI;SPTP;RUBBER TYRED GANTRY CRANE;RUBBER TYRED GANTRY (RTG 04);RTG-0085;KALMAR;;CHINA;2006;ALAT CY;;MASUK PERHITUNGAN;;;;;;;;;;;
2025;R4;KENDARI;SPTP;TRONTON;TRONTON 01;TRN-0013;HINO;;INDONESIA;2012;ALAT PENDUKUNG;;MASUK PERHITUNGAN;;;;;;;;;;;
2025;R4;KENDARI;SPTP;TRONTON;TRONTON 02;TRN-0014;HINO;;INDONESIA;2012;ALAT PENDUKUNG;;MASUK PERHITUNGAN;;;;;;;;;;;
2025;R4;KENDARI;SPTP;TRONTON;TRONTON 03;TRN-0027;HINO;;INDONESIA;2014;ALAT PENDUKUNG;;MASUK PERHITUNGAN;;;;;;;;;;;
2025;R4;KENDARI;SPTP;TRONTON;TRONTON 04;TRN-0028;HINO;;INDONESIA;2014;ALAT PENDUKUNG;;MASUK PERHITUNGAN;;;;;;;;;;;
2025;R4;KENDARI;SPTP;TERMINAL TRACTOR;TERMINAL TRAKTOR 01;TTR-0103;KALMAR;;CHINA;2019;ALAT PENDUKUNG;;MASUK PERHITUNGAN;;;;;;;;;;;
2025;R4;KENDARI;SPTP;TERMINAL TRACTOR;TERMINAL TRAKTOR 02;TTR-0104;KALMAR;;CHINA;2019;ALAT PENDUKUNG;;MASUK PERHITUNGAN;;;;;;;;;;;
2025;R4;KENDARI;SPTP;TERMINAL TRACTOR;TERMINAL TRAKTOR 03;TTR-0105;KALMAR;;CHINA;2019;ALAT PENDUKUNG;;MASUK PERHITUNGAN;;;;;;;;;;;
2025;R4;KENDARI;SPTP;TERMINAL TRACTOR;TERMINAL TRAKTOR 04;TTR-0106;KALMAR;;CHINA;2019;ALAT PENDUKUNG;;MASUK PERHITUNGAN;;;;;;;;;;;
2025;R4;KENDARI;SPTP;TERMINAL TRACTOR;TERMINAL TRAKTOR 05;TTR-0107;KALMAR;;CHINA;2019;ALAT PENDUKUNG;;MASUK PERHITUNGAN;;;;;;;;;;;
2025;R4;KENDARI;SPTP;TERMINAL TRACTOR;TERMINAL TRAKTOR 06;TTR-0108;KALMAR;;CHINA;2019;ALAT PENDUKUNG;;MASUK PERHITUNGAN;;;;;;;;;;;
2025;R4;KENDARI;SPTP;TERMINAL TRACTOR;TERMINAL TRAKTOR 07;TTR-0109;KALMAR;;CHINA;2019;ALAT PENDUKUNG;;MASUK PERHITUNGAN;;;;;;;;;;;
2025;R4;KENDARI;SPTP;TERMINAL TRACTOR;TERMINAL TRAKTOR 08;TTR-0110;KALMAR;;CHINA;2019;ALAT PENDUKUNG;;MASUK PERHITUNGAN;;;;;;;;;;;
2025;R4;KENDARI;SPTP;TERMINAL TRACTOR;TERMINAL TRAKTOR 09;TTR-0111;KALMAR;;CHINA;2019;ALAT PENDUKUNG;;MASUK PERHITUNGAN;;;;;;;;;;;
2025;R4;KENDARI;SPTP;TERMINAL TRACTOR;TERMINAL TRAKTOR 10;TTR-0112;KALMAR;;CHINA;2019;ALAT PENDUKUNG;;MASUK PERHITUNGAN;;;;;;;;;;;
2025;R4;KKT;SPTP;CHASSIS;Chassis;CHS-0158;HARMONI SATYA SUKSES;;INDONESIA;2011;ALAT PENDUKUNG;;MASUK PERHITUNGAN;;;;;;;;;;;
2025;R4;KKT;SPTP;CHASSIS;Chassis;CHS-0159;HARMONI SATYA SUKSES;;INDONESIA;2011;ALAT PENDUKUNG;;MASUK PERHITUNGAN;;;;;;;;;;;
2025;R4;KKT;SPTP;CHASSIS;Chassis;CHS-0160;HARMONI SATYA SUKSES;;INDONESIA;2011;ALAT PENDUKUNG;;MASUK PERHITUNGAN;;;;;;;;;;;
2025;R4;KKT;SPTP;CHASSIS;Chassis;CHS-0161;HARMONI SATYA SUKSES;;INDONESIA;2011;ALAT PENDUKUNG;;MASUK PERHITUNGAN;;;;;;;;;;;
2025;R4;KKT;SPTP;CHASSIS;Chassis;CHS-0162;HARMONI SATYA SUKSES;;INDONESIA;2011;ALAT PENDUKUNG;;MASUK PERHITUNGAN;;;;;;;;;;;
2025;R4;KKT;SPTP;CHASSIS;Chassis;CHS-0163;HARMONI SATYA SUKSES;;INDONESIA;2011;ALAT PENDUKUNG;;MASUK PERHITUNGAN;;;;;;;;;;;
2025;R4;KKT;SPTP;CHASSIS;Chassis;CHS-0164;HARMONI SATYA SUKSES;;INDONESIA;2011;ALAT PENDUKUNG;;MASUK PERHITUNGAN;;;;;;;;;;;
2025;R4;KKT;SPTP;CHASSIS;Chassis;CHS-0165;HARMONI SATYA SUKSES;;INDONESIA;2011;ALAT PENDUKUNG;;MASUK PERHITUNGAN;;;;;;;;;;;
2025;R4;KKT;SPTP;CHASSIS;Chassis;CHS-0166;HARMONI SATYA SUKSES;;INDONESIA;2011;ALAT PENDUKUNG;;MASUK PERHITUNGAN;;;;;;;;;;;
2025;R4;KKT;SPTP;CHASSIS;Chassis;CHS-0167;HARMONI SATYA SUKSES;;INDONESIA;2011;ALAT PENDUKUNG;;MASUK PERHITUNGAN;;;;;;;;;;;
2025;R4;KKT;SPTP;FORKLIFT;Forklift 01;FLT-0085;TOYOTA;;JEPANG;2011;ALAT CY;;MASUK PERHITUNGAN;;;;;;;;;;;
2025;R4;KKT;SPTP;FORKLIFT;Forklift 02;FLT-0086;TOYOTA;;JEPANG;2011;ALAT CY;;MASUK PERHITUNGAN;;;;;;;;;;;
2025;R4;KKT;SPTP;HEAD TRUCK;Head Truck 01;HDT-0141;KALMAR OTTAWA;;CHINA;2011;ALAT PENDUKUNG;;MASUK PERHITUNGAN;;;;;;;;;;;
2025;R4;KKT;SPTP;HEAD TRUCK;Head Truck 02;HDT-0142;KALMAR OTTAWA;;CHINA;2011;ALAT PENDUKUNG;;MASUK PERHITUNGAN;;;;;;;;;;;
2025;R4;KKT;SPTP;HEAD TRUCK;Head Truck 03;HDT-0143;KALMAR OTTAWA;;CHINA;2011;ALAT PENDUKUNG;;MASUK PERHITUNGAN;;;;;;;;;;;
2025;R4;KKT;SPTP;HEAD TRUCK;Head Truck 10;HDT-0144;KALMAR OTTAWA;;CHINA;2011;ALAT PENDUKUNG;;MASUK PERHITUNGAN;;;;;;;;;;;
2025;R4;KKT;SPTP;HEAD TRUCK;Head Truck 04;HDT-0145;KALMAR OTTAWA;;CHINA;2011;ALAT PENDUKUNG;;MASUK PERHITUNGAN;;;;;;;;;;;
2025;R4;KKT;SPTP;HEAD TRUCK;Head Truck 05;HDT-0146;KALMAR OTTAWA;;CHINA;2011;ALAT PENDUKUNG;;MASUK PERHITUNGAN;;;;;;;;;;;
2025;R4;KKT;SPTP;HEAD TRUCK;Head Truck 09;HDT-0147;KALMAR OTTAWA;;CHINA;2011;ALAT PENDUKUNG;;MASUK PERHITUNGAN;;;;;;;;;;;
2025;R4;KKT;SPTP;HEAD TRUCK;Head Truck 06;HDT-0148;KALMAR OTTAWA;;CHINA;2011;ALAT PENDUKUNG;;MASUK PERHITUNGAN;;;;;;;;;;;
2025;R4;KKT;SPTP;HEAD TRUCK;Head Truck 07;HDT-0149;KALMAR OTTAWA;;CHINA;2011;ALAT PENDUKUNG;;MASUK PERHITUNGAN;;;;;;;;;;;
2025;R4;KKT;SPTP;HEAD TRUCK;Head Truck 08;HDT-0150;KALMAR OTTAWA;;CHINA;2011;ALAT PENDUKUNG;;MASUK PERHITUNGAN;;;;;;;;;;;
2025;R4;KKT;SPTP;QUAY CONTAINER CRANE;Quay Container Crane 01;QCC-0013;MITSUBISHI;;JEPANG;1990;ALAT DERMAGA;;MASUK PERHITUNGAN;;;;;;;;;;;
2025;R4;KKT;SPTP;QUAY CONTAINER CRANE;Quay Container Crane 02;QCC-0014;MITSUBISHI;;JEPANG;1992;ALAT DERMAGA;;MASUK PERHITUNGAN;;;;;;;;;;;
2025;R4;KKT;SPTP;QUAY CONTAINER CRANE;CONTAINER CRANE 03;QCC-0024;GYC;;CHINA;1999;ALAT DERMAGA;;MASUK PERHITUNGAN;;;;;;;;;;;
2025;R4;KKT;SPTP;REACH STACKER;Reach Stacker;RST-0026;KALMAR;;CHINA;2011;ALAT CY;;MASUK PERHITUNGAN;;;;;;;;;;;
2025;R4;KKT;SPTP;RUBBER TYRED GANTRY CRANE;Rubber Tyred Gantry Crane 01;RTG-0029;ZPMC;;CHINA;1998;ALAT CY;;TIDAK MASUK PERHITUNGAN;;Accident (terbakar);;;;;;;;;
2025;R4;KKT;SPTP;RUBBER TYRED GANTRY CRANE;Rubber Tyred Gantry Crane 02;RTG-0030;ZPMC;;CHINA;1998;ALAT CY;;MASUK PERHITUNGAN;;;;;;;;;;;
2025;R4;KKT;SPTP;RUBBER TYRED GANTRY CRANE;Rubber Tyred Gantry Crane 03;RTG-0031;ZPMC;;CHINA;1998;ALAT CY;;MASUK PERHITUNGAN;;;;;;;;;;;
2025;R4;KKT;SPTP;RUBBER TYRED GANTRY CRANE;Rubber Tyred Gantry Crane 04;RTG-0032;ZPMC;;CHINA;1998;ALAT CY;;MASUK PERHITUNGAN;;;;;;;;;;;
2025;R4;KKT;SPTP;RUBBER TYRED GANTRY CRANE;RUBBER TYRED GANTRY (RTG) 17;RTG-0123;KALMAR;;CHINA;2015;ALAT CY;;MASUK PERHITUNGAN;;;;;;;;;;;
2025;R4;KKT;SPTP;RUBBER TYRED GANTRY CRANE;RUBBER TYRED GANTRY (RTG) 18;RTG-0124;KALMAR;;CHINA;2015;ALAT CY;;MASUK PERHITUNGAN;;;;;;;;;;;
2025;R4;MAKASSAR;SPMT;EXCAVATOR;EXCAVATOR 02;EXC-0020;HYUNDAI;;KOREA SELATAN;2014;ALAT PENDUKUNG;;MASUK PERHITUNGAN;;Kebocoran oli coler (waiting part);;;;;;;;;
2025;R4;MAKASSAR;SPMT;EXCAVATOR;EXCAVATOR 01;EXC-0024;HYUNDAI;;KOREA SELATAN;2015;ALAT PENDUKUNG;;TIDAK MASUK PERHITUNGAN;;Usul Hapus;;;;;;;;;
2025;R4;MAKASSAR;SPMT;FORKLIFT;FORKLIFT 03;FLT-0005;MITSUBISHI;;JEPANG;1984;ALAT CY;;MASUK PERHITUNGAN;;;;;;;;;;;
2025;R4;MAKASSAR;SPMT;FORKLIFT;FORKLIFT 04;FLT-0006;MITSUBISHI;;JEPANG;1984;ALAT CY;;MASUK PERHITUNGAN;;;;;;;;;;;
2025;R4;MAKASSAR;SPMT;FORKLIFT;FORKLIFT 05;FLT-0007;MITSUBISHI;;JEPANG;1984;ALAT CY;;MASUK PERHITUNGAN;;;;;;;;;;;
2025;R4;MAKASSAR;SPMT;FORKLIFT;FORKLIFT 01;FLT-0019;MITSUBISHI;;JEPANG;1999;ALAT CY;;MASUK PERHITUNGAN;;;;;;;;;;;
2025;R4;MAKASSAR;SPMT;FORKLIFT;FORKLIFT 02;FLT-0061;MITSUBISHI;;JEPANG;2009;ALAT CY;;MASUK PERHITUNGAN;;;;;;;;;;;
2025;R4;MAKASSAR;SPMT;FORKLIFT;FORKLIFT BATTERY 02;FLT-0163;KOMATSU;;JEPANG;2015;ALAT CY;;TIDAK MASUK PERHITUNGAN;;Usul Hapus;;;;;;;;;
2025;R4;MAKASSAR;SPMT;GRAB;GRAB,- TON,-,-,BELAWAN;GRB-0008;GUVEN;;TURKI;2015;ALAT PENDUKUNG;;MASUK PERHITUNGAN;;;;;;;;;;;
2025;R4;MAKASSAR;SPMT;HEAD TRUCK;HEADTRUCK 01;HDT-0353;HINO;;INDONESIA;2018;ALAT PENDUKUNG;;MASUK PERHITUNGAN;;;;;;;;;;;
2025;R4;MAKASSAR;SPMT;HARBOUR MOBILE CRANE;HARBOUR MOBILE CRANE 02;HMC-0003;ITALGRU;;ITALIA;2011;ALAT DERMAGA;;MASUK PERHITUNGAN;;;;;;;;;;;
2025;R4;MAKASSAR;SPMT;HARBOUR MOBILE CRANE;HARBOUR MOBILE CRANE 01;HMC-0004;ITALGRU;;ITALIA;2013;ALAT DERMAGA;;MASUK PERHITUNGAN;;;;;;;;;;;
2025;R4;MAKASSAR;SPMT;MOBILE CRANE;MOBILE CRANE;MBC-0036;IHI TH350S;;JEPANG;2013;ALAT CY;;TIDAK MASUK PERHITUNGAN;;Usul Hapus;;;;;;;;;
2025;R4;MAKASSAR;SPMT;MOBILE CRANE;MOBILE CRANE;MBC-0037;IHI TH350S;;JEPANG;2014;ALAT CY;;TIDAK MASUK PERHITUNGAN;;Usul Hapus;;;;;;;;;
2025;R4;MAKASSAR;SPMT;MOBILE CRANE;MOBILE CRANE;MBC-0038;IHI TH350S;;JEPANG;2014;ALAT CY;;TIDAK MASUK PERHITUNGAN;;Usul Hapus;;;;;;;;;
2025;R4;MAKASSAR;SPMT;REACH STACKER;REACH STACKER 08;RST-0016;TCM;;JEPANG;2009;ALAT CY;;MASUK PERHITUNGAN;;;;;;;;;;;
2025;R4;MAKASSAR;SPMT;REACH STACKER;REACH STACKER 04;RST-0063;KALMAR;;CHINA;2015;ALAT CY;;MASUK PERHITUNGAN;;;;;;;;;;;
2025;R4;MAKASSAR;SPSL;REACH STACKER;REACH STACKER 07;RST-0102;KALMAR;;CHINA;2019;ALAT CY;;MASUK PERHITUNGAN;;;;;;;;;;;
2025;R4;MAKASSAR;SPMT;WHEEL LOADER;LOADER 02;WHL-0027;HYUNDAI;;KOREA SELATAN;2014;ALAT PENDUKUNG;;MASUK PERHITUNGAN;;;;;;;;;;;
2025;R4;MAKASSAR;SPMT;WHEEL LOADER;LOADER 03;WHL-0028;KAWASAKI;;JEPANG;2014;ALAT PENDUKUNG;;TIDAK MASUK PERHITUNGAN;;Usul Hapus;;;;;;;;;
2025;R4;MAKASSAR;SPMT;WHEEL LOADER;LOADER 01;WHL-0032;HYUNDAI;;KOREA SELATAN;2015;ALAT PENDUKUNG;;TIDAK MASUK PERHITUNGAN;;Usul Hapus;;;;;;;;;
2025;R4;MAKASSAR NEW PORT;SPTP;CHASSIS;CHASSIS (TR 01);CHS-0418;GEMALA SARANA UPAYA;;INDONESIA;2019;ALAT PENDUKUNG;;MASUK PERHITUNGAN;;;;;;;;;;;
2025;R4;MAKASSAR NEW PORT;SPTP;CHASSIS;CHASSIS (TR 02);CHS-0419;GEMALA SARANA UPAYA;;INDONESIA;2019;ALAT PENDUKUNG;;MASUK PERHITUNGAN;;;;;;;;;;;
2025;R4;MAKASSAR NEW PORT;SPTP;CHASSIS;CHASSIS (TR 03);CHS-0420;GEMALA SARANA UPAYA;;INDONESIA;2019;ALAT PENDUKUNG;;MASUK PERHITUNGAN;;;;;;;;;;;
2025;R4;MAKASSAR NEW PORT;SPTP;CHASSIS;CHASSIS (TR 05);CHS-0421;GEMALA SARANA UPAYA;;INDONESIA;2019;ALAT PENDUKUNG;;MASUK PERHITUNGAN;;;;;;;;;;;
2025;R4;MAKASSAR NEW PORT;SPTP;CHASSIS;CHASSIS (TR 06);CHS-0422;GEMALA SARANA UPAYA;;INDONESIA;2019;ALAT PENDUKUNG;;MASUK PERHITUNGAN;;;;;;;;;;;
2025;R4;MAKASSAR NEW PORT;SPTP;CHASSIS;CHASSIS (TR 08);CHS-0423;GEMALA SARANA UPAYA;;INDONESIA;2019;ALAT PENDUKUNG;;MASUK PERHITUNGAN;;;;;;;;;;;
2025;R4;MAKASSAR NEW PORT;SPTP;CHASSIS;CHASSIS (TR 10);CHS-0424;GEMALA SARANA UPAYA;;INDONESIA;2019;ALAT PENDUKUNG;;MASUK PERHITUNGAN;;;;;;;;;;;
2025;R4;MAKASSAR NEW PORT;SPTP;CHASSIS;CHASSIS (TR 11);CHS-0425;GEMALA SARANA UPAYA;;INDONESIA;2019;ALAT PENDUKUNG;;MASUK PERHITUNGAN;;;;;;;;;;;
2025;R4;MAKASSAR NEW PORT;SPTP;CHASSIS;CHASSIS (TR 12);CHS-0426;GEMALA SARANA UPAYA;;INDONESIA;2019;ALAT PENDUKUNG;;MASUK PERHITUNGAN;;;;;;;;;;;
2025;R4;MAKASSAR NEW PORT;SPTP;CHASSIS;CHASSIS (TR 19);CHS-0427;GEMALA SARANA UPAYA;;INDONESIA;2019;ALAT PENDUKUNG;;MASUK PERHITUNGAN;;;;;;;;;;;
2025;R4;MAKASSAR NEW PORT;SPTP;CHASSIS;CHASSIS (TR 20);CHS-0428;GEMALA SARANA UPAYA;;INDONESIA;2019;ALAT PENDUKUNG;;MASUK PERHITUNGAN;;;;;;;;;;;
2025;R4;MAKASSAR NEW PORT;SPTP;CHASSIS;CHASSIS (TR 21);CHS-0429;GEMALA SARANA UPAYA;;INDONESIA;2019;ALAT PENDUKUNG;;MASUK PERHITUNGAN;;;;;;;;;;;
2025;R4;MAKASSAR NEW PORT;SPTP;CHASSIS;CHASSIS (TR 22);CHS-0430;GEMALA SARANA UPAYA;;INDONESIA;2019;ALAT PENDUKUNG;;MASUK PERHITUNGAN;;;;;;;;;;;
2025;R4;MAKASSAR NEW PORT;SPTP;CHASSIS;CHASSIS (TR 24);CHS-0431;GEMALA SARANA UPAYA;;INDONESIA;2019;ALAT PENDUKUNG;;MASUK PERHITUNGAN;;;;;;;;;;;
2025;R4;MAKASSAR NEW PORT;SPTP;CHASSIS;CHASSIS (TR 25);CHS-0432;GEMALA SARANA UPAYA;;INDONESIA;2019;ALAT PENDUKUNG;;MASUK PERHITUNGAN;;;;;;;;;;;
2025;R4;MAKASSAR NEW PORT;SPTP;FORKLIFT;FORKLIFT 2 (7 TON);FLT-0209;MITSUBISHI;;JEPANG;2019;ALAT CY;;MASUK PERHITUNGAN;;;;;;;;;;;
2025;R4;MAKASSAR NEW PORT;SPTP;QUAY CONTAINER CRANE;CONTAINER CRANE (CC) 01;QCC-0008;I H I/STS;;JEPANG;1983;ALAT DERMAGA;;MASUK PERHITUNGAN;;;;;;;;;;;
2025;R4;MAKASSAR NEW PORT;SPTP;QUAY CONTAINER CRANE;CONTAINER CRANE (CC) 03;QCC-0030;MITSUBISHI HEAVY INDUSTRIES;;JEPANG;2004;ALAT DERMAGA;;MASUK PERHITUNGAN;;;;;;;;;;;
2025;R4;MAKASSAR NEW PORT;SPTP;QUAY CONTAINER CRANE;CONTAINER CRANE (CC) 04;QCC-0031;DOOSAN;;KOREA SELATAN;2005;ALAT DERMAGA;;MASUK PERHITUNGAN;;;;;;;;;;;
2025;R4;MAKASSAR NEW PORT;SPTP;QUAY CONTAINER CRANE;CONTAINER CRANE (CC) 02;QCC-0033;MITSUBISHI HEAVY INDUSTRIES;;JEPANG;2004;ALAT DERMAGA;;MASUK PERHITUNGAN;;;;;;;;;;;
2025;R4;MAKASSAR NEW PORT;SPTP;REACH STACKER;REACH STACKER 01;RST-0090;KALMAR;;CHINA;2018;ALAT CY;;MASUK PERHITUNGAN;;;;;;;;;;;
2025;R4;MAKASSAR NEW PORT;SPTP;RUBBER TYRED GANTRY CRANE;RUBBER TYRED GANTRY (RTG) 01;RTG-0066;KALMAR;;CHINA;2006;ALAT CY;;MASUK PERHITUNGAN;;;;;;;;;;;
2025;R4;MAKASSAR NEW PORT;SPTP;RUBBER TYRED GANTRY CRANE;RUBBER TYRED GANTRY (RTG) 02;RTG-0067;KALMAR;;CHINA;2006;ALAT CY;;MASUK PERHITUNGAN;;;;;;;;;;;
2025;R4;MAKASSAR NEW PORT;SPTP;RUBBER TYRED GANTRY CRANE;RUBBER TYRED GANTRY (RTG) 03;RTG-0068;KALMAR;;CHINA;2006;ALAT CY;;MASUK PERHITUNGAN;;;;;;;;;;;
2025;R4;MAKASSAR NEW PORT;SPTP;RUBBER TYRED GANTRY CRANE;RUBBER TYRED GANTRY (RTG) 04;RTG-0069;KALMAR;;CHINA;2006;ALAT CY;;MASUK PERHITUNGAN;;;;;;;;;;;
2025;R4;MAKASSAR NEW PORT;SPTP;RUBBER TYRED GANTRY CRANE;RUBBER TYRED GANTRY (RTG) 05;RTG-0070;KALMAR;;CHINA;2006;ALAT CY;;MASUK PERHITUNGAN;;;;;;;;;;;
2025;R4;MAKASSAR NEW PORT;SPTP;RUBBER TYRED GANTRY CRANE;RUBBER TYRED GANTRY (RTG) 06;RTG-0071;KALMAR;;CHINA;2006;ALAT CY;;MASUK PERHITUNGAN;;;;;;;;;;;
2025;R4;MAKASSAR NEW PORT;SPTP;RUBBER TYRED GANTRY CRANE;RUBBER TYRED GANTRY (RTG) 07;RTG-0072;KALMAR;;CHINA;2006;ALAT CY;;MASUK PERHITUNGAN;;;;;;;;;;;
2025;R4;MAKASSAR NEW PORT;SPTP;RUBBER TYRED GANTRY CRANE;RUBBER TYRED GANTRY (RTG) 08;RTG-0073;KALMAR;;CHINA;2006;ALAT CY;;MASUK PERHITUNGAN;;;;;;;;;;;
2025;R4;MAKASSAR NEW PORT;SPTP;RUBBER TYRED GANTRY CRANE;RUBBER TYRED GANTRY (RTG) 09;RTG-0074;KALMAR;;CHINA;2006;ALAT CY;;MASUK PERHITUNGAN;;;;;;;;;;;
2025;R4;MAKASSAR NEW PORT;SPTP;RUBBER TYRED GANTRY CRANE;RUBBER TYRED GANTRY (RTG) 10;RTG-0075;KALMAR;;CHINA;2006;ALAT CY;;MASUK PERHITUNGAN;;;;;;;;;;;
2025;R4;MAKASSAR NEW PORT;SPTP;RUBBER TYRED GANTRY CRANE;RUBBER TYRED GANTRY (RTG) 11;RTG-0076;KALMAR;;CHINA;2006;ALAT CY;;MASUK PERHITUNGAN;;;;;;;;;;;
2025;R4;MAKASSAR NEW PORT;SPTP;RUBBER TYRED GANTRY CRANE;RUBBER TYRED GANTRY (RTG) 12;RTG-0077;KALMAR;;CHINA;2006;ALAT CY;;MASUK PERHITUNGAN;;;;;;;;;;;
2025;R4;MAKASSAR NEW PORT;SPTP;RUBBER TYRED GANTRY CRANE;RUBBER TYRED GANTRY (RTG) 13;RTG-0078;KALMAR;;CHINA;2006;ALAT CY;;MASUK PERHITUNGAN;;;;;;;;;;;
2025;R4;MAKASSAR NEW PORT;SPTP;RUBBER TYRED GANTRY CRANE;RUBBER TYRED GANTRY (RTG) 14;RTG-0079;KALMAR;;CHINA;2006;ALAT CY;;MASUK PERHITUNGAN;;;;;;;;;;;
2025;R4;MAKASSAR NEW PORT;SPTP;RUBBER TYRED GANTRY CRANE;RUBBER TYRED GANTRY (RTG) 15;RTG-0080;KALMAR;;CHINA;2006;ALAT CY;;MASUK PERHITUNGAN;;;;;;;;;;;
2025;R4;MAKASSAR NEW PORT;SPTP;RUBBER TYRED GANTRY CRANE;RUBBER TYRED GANTRY (RTG) 16;RTG-0081;KALMAR;;CHINA;2006;ALAT CY;;MASUK PERHITUNGAN;;;;;;;;;;;
2025;R4;MAKASSAR NEW PORT;SPTP;TERMINAL TRACTOR;TERMINAL TRACTOR  08 (relokasi dr TPK Makassar);TTR-0006;KALMAR OTTAWA;;CHINA;2008;ALAT PENDUKUNG;;MASUK PERHITUNGAN;;;;;;;;;;;
2025;R4;MAKASSAR NEW PORT;SPTP;TERMINAL TRACTOR;TERMINAL TRACTOR  10 (relokasi dr TPK Makassar);TTR-0007;KALMAR OTTAWA;;CHINA;2008;ALAT PENDUKUNG;;MASUK PERHITUNGAN;;;;;;;;;;;
2025;R4;MAKASSAR NEW PORT;SPTP;TERMINAL TRACTOR;TERMINAL TRACTOR  11 (relokasi dr TPK Makassar);TTR-0008;KALMAR OTTAWA;;CHINA;2008;ALAT PENDUKUNG;;MASUK PERHITUNGAN;;;;;;;;;;;
2025;R4;MAKASSAR NEW PORT;SPTP;TERMINAL TRACTOR;TERMINAL TRACTOR  13 (relokasi dr TPK Makassar);TTR-0010;KALMAR OTTAWA;;CHINA;2008;ALAT PENDUKUNG;;MASUK PERHITUNGAN;;;;;;;;;;;
2025;R4;MAKASSAR NEW PORT;SPTP;TERMINAL TRACTOR;TERMINAL TRACTOR  14 (relokasi dr TPK Makassar);TTR-0011;KALMAR OTTAWA;;CHINA;2008;ALAT PENDUKUNG;;MASUK PERHITUNGAN;;;;;;;;;;;
2025;R4;MAKASSAR NEW PORT;SPTP;TERMINAL TRACTOR;TERMINAL TRACTOR  19 (relokasi dr TPK Makassar);TTR-0012;KALMAR OTTAWA;;CHINA;2008;ALAT PENDUKUNG;;MASUK PERHITUNGAN;;;;;;;;;;;
2025;R4;MAKASSAR NEW PORT;SPTP;TERMINAL TRACTOR;TERMINAL TRACTOR  22 (relokasi dr TPK Makassar);TTR-0016;KALMAR OTTAWA;;CHINA;2011;ALAT PENDUKUNG;;MASUK PERHITUNGAN;;;;;;;;;;;
2025;R4;MAKASSAR NEW PORT;SPTP;TERMINAL TRACTOR;TERMINAL TRACTOR  27 (relokasi dr TPK Makassar);TTR-0020;KALMAR OTTAWA;;CHINA;2011;ALAT PENDUKUNG;;MASUK PERHITUNGAN;;;;;;;;;;;
2025;R4;MAKASSAR NEW PORT;SPTP;TERMINAL TRACTOR;TERMINAL TRAKTOR (HT 01);TTR-0081;KALMAR;;CHINA;2019;ALAT PENDUKUNG;;MASUK PERHITUNGAN;;;;;;;;;;;
2025;R4;MAKASSAR NEW PORT;SPTP;TERMINAL TRACTOR;TERMINAL TRAKTOR (HT 02);TTR-0082;KALMAR;;CHINA;2019;ALAT PENDUKUNG;;MASUK PERHITUNGAN;;;;;;;;;;;
2025;R4;MAKASSAR NEW PORT;SPTP;TERMINAL TRACTOR;TERMINAL TRAKTOR (HT 03);TTR-0083;KALMAR;;CHINA;2019;ALAT PENDUKUNG;;MASUK PERHITUNGAN;;;;;;;;;;;
2025;R4;MAKASSAR NEW PORT;SPTP;TERMINAL TRACTOR;TERMINAL TRAKTOR (HT 05);TTR-0084;KALMAR;;CHINA;2019;ALAT PENDUKUNG;;MASUK PERHITUNGAN;;;;;;;;;;;
2025;R4;MAKASSAR NEW PORT;SPTP;TERMINAL TRACTOR;TERMINAL TRAKTOR (HT 06);TTR-0085;KALMAR;;CHINA;2019;ALAT PENDUKUNG;;MASUK PERHITUNGAN;;;;;;;;;;;
2025;R4;MAKASSAR NEW PORT;SPTP;TERMINAL TRACTOR;TERMINAL TRAKTOR (HT 08);TTR-0086;KALMAR;;CHINA;2019;ALAT PENDUKUNG;;MASUK PERHITUNGAN;;;;;;;;;;;
2025;R4;MAKASSAR NEW PORT;SPTP;TERMINAL TRACTOR;TERMINAL TRAKTOR (HT 10);TTR-0087;KALMAR;;CHINA;2019;ALAT PENDUKUNG;;MASUK PERHITUNGAN;;;;;;;;;;;
2025;R4;MAKASSAR NEW PORT;SPTP;TERMINAL TRACTOR;TERMINAL TRAKTOR (HT 11);TTR-0088;KALMAR;;CHINA;2019;ALAT PENDUKUNG;;MASUK PERHITUNGAN;;;;;;;;;;;
2025;R4;MAKASSAR NEW PORT;SPTP;TERMINAL TRACTOR;TERMINAL TRAKTOR (HT 12);TTR-0089;KALMAR;;CHINA;2019;ALAT PENDUKUNG;;MASUK PERHITUNGAN;;;;;;;;;;;
2025;R4;MAKASSAR NEW PORT;SPTP;TERMINAL TRACTOR;TERMINAL TRAKTOR (HT 20/);TTR-0091;KALMAR;;CHINA;2019;ALAT PENDUKUNG;;TIDAK MASUK PERHITUNGAN;;Dobel. Alat telah di relokasi ke Terminal Petikemas Makassar dan tercatat disana.;;;;;;;;;
2025;R4;MAKASSAR NEW PORT;SPTP;TERMINAL TRACTOR;TERMINAL TRAKTOR (HT 21);TTR-0092;KALMAR;;CHINA;2019;ALAT PENDUKUNG;;TIDAK MASUK PERHITUNGAN;;Dobel. Alat telah di relokasi ke Terminal Petikemas Makassar dan tercatat disana.;;;;;;;;;
2025;R4;MAKASSAR NEW PORT;SPTP;TERMINAL TRACTOR;TERMINAL TRAKTOR (HT 22/TTR 13);TTR-0093;KALMAR;;CHINA;2019;ALAT PENDUKUNG;;MASUK PERHITUNGAN;;;;;;;;;;;
2025;R4;MAKASSAR NEW PORT;SPTP;TERMINAL TRACTOR;TERMINAL TRAKTOR (HT 24/TTR 14);TTR-0094;KALMAR;;CHINA;2019;ALAT PENDUKUNG;;MASUK PERHITUNGAN;;;;;;;;;;;
2025;R4;MAKASSAR NEW PORT;SPTP;TERMINAL TRACTOR;TERMINAL TRAKTOR (HT 25/TTR 15);TTR-0095;KALMAR;;CHINA;2019;ALAT PENDUKUNG;;MASUK PERHITUNGAN;;;;;;;;;;;
2025;R4;MANOKWARI;R4;CHASSIS;CHASIS 40 FEET TR.01;CHS-0194;MTU;RANGKA;INDONESIA;2012;ALAT PENDUKUNG;;MASUK PERHITUNGAN;;;;;;;;;;;
2025;R4;MANOKWARI;R4;CHASSIS;CHASIS 40 FEET TR.02;CHS-0195;MTU;PLATE;INDONESIA;2012;ALAT PENDUKUNG;;MASUK PERHITUNGAN;;;;;;;;;;;
2025;R4;MANOKWARI;R4;CHASSIS;CHASIS 20 FEET TR.03;CHS-0254;STJ SURABAYA;PLATE;INDONESIA;2013;ALAT PENDUKUNG;;MASUK PERHITUNGAN;;;;;;;;;;;
2025;R4;MANOKWARI;R4;CHASSIS;CHASIS 20 FEET TR.04;CHS-0255;STJ SURABAYA;PLATE;INDONESIA;2013;ALAT PENDUKUNG;;MASUK PERHITUNGAN;;;;;;;;;;;
2025;R4;MANOKWARI;R4;CHASSIS;CHASIS 20 FEET TR.05;CHS-0256;STJ SURABAYA;PLATE;INDONESIA;2013;ALAT PENDUKUNG;;MASUK PERHITUNGAN;;;;;;;;;;;
2025;R4;MANOKWARI;R4;CHASSIS;CHASIS 20 FEET TR.06;CHS-0257;STJ SURABAYA;RANGKA;INDONESIA;2013;ALAT PENDUKUNG;;MASUK PERHITUNGAN;;;;;;;;;;;
2025;R4;MANOKWARI;R4;FIX JIB CRANE;FIXED LEVEL LUFFING CRANE 01;FJC-0012;GYC;GYGD32T-32M;CHINA;2017;ALAT DERMAGA;;MASUK PERHITUNGAN;;;;;;;;;;;
2025;R4;MANOKWARI;R4;FIX JIB CRANE;FIXED LEVEL LUFFING CRANE 02;FJC-0013;GYC;GYGD32T-32M;CHINA;2017;ALAT DERMAGA;;MASUK PERHITUNGAN;;;;;;;;;;;
2025;R4;MANOKWARI;R4;FORKLIFT;FORKLIFT 02 7 Ton;FLT-0115;TOYOTA;5FD70;JEPANG;2012;ALAT CY;;MASUK PERHITUNGAN;;;;;;;;;;;
2025;R4;MANOKWARI;R4;FORKLIFT;FORKLIFT 03 7 Ton;FLT-0172;MITSUBISHI;FD70NM;JEPANG;2016;ALAT CY;;MASUK PERHITUNGAN;;;;;;;;;;;
2025;R4;MANOKWARI;R4;HEAD TRUCK;HEAD TRUCK 02;HDT-0183;HINO;FM360TI;INDONESIA;2012;ALAT PENDUKUNG;;MASUK PERHITUNGAN;;;;;;;;;;;
2025;R4;MANOKWARI;R4;HEAD TRUCK;HEAD TRUCK 03;HDT-0184;HINO;FM360TI;INDONESIA;2012;ALAT PENDUKUNG;;MASUK PERHITUNGAN;;;;;;;;;;;
2025;R4;MANOKWARI;R4;HEAD TRUCK;HEAD TRUCK 04;HDT-0204;HINO;FL260TI;INDONESIA;2013;ALAT PENDUKUNG;;MASUK PERHITUNGAN;;;;;;;;;;;
2025;R4;MANOKWARI;R4;HEAD TRUCK;HEAD TRUCK 05;HDT-0205;HINO;FL260TI;INDONESIA;2013;ALAT PENDUKUNG;;MASUK PERHITUNGAN;;;;;;;;;;;
2025;R4;MANOKWARI;R4;REACH STACKER;REACH STACKER 01;RST-0030;KALMAR;DRF450-60S5M;CHINA;2011;ALAT CY;;MASUK PERHITUNGAN;;;;;;;;;;;
2025;R4;MANOKWARI;R4;REACH STACKER;REACH STACKER 02;RST-0110;SANY;SRSC45H1;CHINA;2019;ALAT CY;;MASUK PERHITUNGAN;;;;;;;;;;;
2025;R4;MANOKWARI;R4;REACH STACKER;REACH STACKER 03;RST-0111;SANY;SRSC45H1;CHINA;2019;ALAT CY;;MASUK PERHITUNGAN;;;;;;;;;;;
2025;R4;MANOKWARI;R4;TRONTON;TRONTON 01;TRN-0009;HINO;FL260TI;INDONESIA;2010;ALAT PENDUKUNG;;MASUK PERHITUNGAN;;;;;;;;;;;
2025;R4;MANOKWARI;R4;TRONTON;TRONTON 06;TRN-0048;UD TRUCK;QUESTER CWE 280 6X4 RIGID;INDONESIA;2019;ALAT PENDUKUNG;;MASUK PERHITUNGAN;;;;;;;;;;;
2025;R4;MERAUKE;SPTP;CHASSIS;CHASSIS 20'';CHS-0258;STJ SURABAYA;;INDONESIA;2013;ALAT PENDUKUNG;;MASUK PERHITUNGAN;;;;;;;;;;;
2025;R4;MERAUKE;SPTP;CHASSIS;CHASSIS 40'';CHS-0259;STJ SURABAYA;;INDONESIA;2013;ALAT PENDUKUNG;;MASUK PERHITUNGAN;;;;;;;;;;;
2025;R4;MERAUKE;SPTP;CHASSIS;LOWBAD 20'';CHS-0260;STJ SURABAYA;;INDONESIA;2013;ALAT PENDUKUNG;;MASUK PERHITUNGAN;;;;;;;;;;;
2025;R4;MERAUKE;SPTP;FIX JIB CRANE;FIXED CRANE 01;FJC-0018;HDHM;;CHINA;2018;ALAT DERMAGA;;MASUK PERHITUNGAN;;;;;;;;;;;
2025;R4;MERAUKE;SPTP;FIX JIB CRANE;FIXED CRANE 02;FJC-0019;HDHM;;CHINA;2018;ALAT DERMAGA;;MASUK PERHITUNGAN;;;;;;;;;;;
2025;R4;MERAUKE;SPTP;FORKLIFT;FORKLIFT 7 TON 01;FLT-0062;CATERPILLAR;;CHINA;2009;ALAT CY;;MASUK PERHITUNGAN;;;;;;;;;;;
2025;R4;MERAUKE;SPTP;FORKLIFT;FORKLIFT 3 TON 03;FLT-0134;MITSUBISHI;;JEPANG;2013;ALAT CY;;MASUK PERHITUNGAN;;;;;;;;;;;
2025;R4;MERAUKE;SPTP;FORKLIFT;FORKLIFT 5 TON 02;FLT-0135;MITSUBISHI;;JEPANG;2013;ALAT CY;;MASUK PERHITUNGAN;;;;;;;;;;;
2025;R4;MERAUKE;SPTP;HEAD TRUCK;HEAD TRUCK 01;HDT-0206;HINO;;INDONESIA;2013;ALAT PENDUKUNG;;MASUK PERHITUNGAN;;;;;;;;;;;
2025;R4;MERAUKE;SPTP;HEAD TRUCK;HEAD TRUCK 02;HDT-0306;HINO;;INDONESIA;2016;ALAT PENDUKUNG;;MASUK PERHITUNGAN;;;;;;;;;;;
2025;R4;MERAUKE;SPTP;REACH STACKER;REACH STACKER 01 (Eks. Ambon);RST-0011;KONECRANES;;FINLANDIA;2008;ALAT CY;;TIDAK MASUK PERHITUNGAN;;Dobel. Alat yang sama dengan REACH STACKER 03 dan kesalahan penulisan manufacture;;;;;;;;;
2025;R4;MERAUKE;SPTP;REACH STACKER;REACH STACKER 03;RST-0032;KALMAR;;CHINA;2012;ALAT CY;;MASUK PERHITUNGAN;;;;;;;;;;;
2025;R4;MERAUKE;SPTP;REACH STACKER;REACH STACKER 01;RST-0038;KALMAR;;CHINA;2013;ALAT CY;;MASUK PERHITUNGAN;;;;;;;;;;;
2025;R4;MERAUKE;SPTP;REACH STACKER;REACH STACKER 02;RST-0112;SANY;;CHINA;2019;ALAT CY;;MASUK PERHITUNGAN;;;;;;;;;;;
2025;R4;MERAUKE;SPTP;TRONTON;TRONTON 01;TRN-0010;HINO;;INDONESIA;2011;ALAT PENDUKUNG;;MASUK PERHITUNGAN;;;;;;;;;;;
2025;R4;MERAUKE;SPTP;TRONTON;TRONTON 02;TRN-0049;HINO;;INDONESIA;2019;ALAT PENDUKUNG;;MASUK PERHITUNGAN;;;;;;;;;;;
2025;R4;MERAUKE;SPTP;TRONTON;TRONTON 03;TRN-0050;HINO;;INDONESIA;2019;ALAT PENDUKUNG;;MASUK PERHITUNGAN;;;;;;;;;;;
2025;R4;NUNUKAN;R4;FORKLIFT;FORKLIFT 01 32 ton (Eks. Manokwari);FLT-0114;KALMAR;DCF330;CHINA;2012;ALAT CY;;MASUK PERHITUNGAN;;;;;;;;;;;
2025;R4;NUNUKAN;R4;FORKLIFT;FORKLIFT 7 TON 02 (relokasi MNP);FLT-0206;MITSUBISHI;FD70NH;JEPANG;2019;ALAT CY;;MASUK PERHITUNGAN;;;;;;;;;;;
2025;R4;NUNUKAN;R4;FORKLIFT;FORKLIFT 7 TON (02);FLT-0208;MITSUBISHI;;JEPANG;2019;ALAT CY;;TIDAK MASUK PERHITUNGAN;;Dobel pencatatan dengan FORKLIFT 7 TON 02 (relokasi MNP);;;;;;;;;
2025;R4;NUNUKAN;R4;REACH STACKER;REACH STACKER;RST-0100;SANY; SRSC45H1 ;CHINA;2019;ALAT CY;;MASUK PERHITUNGAN;;;;;;;;;;;
2025;R4;NUNUKAN;R4;TRONTON;TRUCK 01;TRN-0022;HINO;FM 250 JD;INDONESIA;2013;ALAT PENDUKUNG;;MASUK PERHITUNGAN;;;;;;;;;;;
2025;R4;NUNUKAN;R4;TRONTON;TRUCK 02;TRN-0043;HINO;FM 250 JD;INDONESIA;2019;ALAT PENDUKUNG;;MASUK PERHITUNGAN;;;;;;;;;;;
2025;R4;NUNUKAN;R4;TRONTON;TRONTON 01;TRN-01;HINO;130 HD;INDONESIA;2016;ALAT PENDUKUNG;;MASUK PERHITUNGAN;;;;;;;;;;;
2025;R4;NUNUKAN;R4;TRONTON;TRONTON 02;TRN-02;HINO;130 HD;INDONESIA;2016;ALAT PENDUKUNG;;MASUK PERHITUNGAN;;;;;;;;;;;
2025;R4;NUNUKAN;R4;TRONTON;TRONTON 03 (Eks. Ternate);TRN-03;HINO;FM8JNKD-MG/ FM260JD;INDONESIA;2012;ALAT PENDUKUNG;;MASUK PERHITUNGAN;;;;;;;;;;;
2025;R4;PANTOLOAN;SPTP;CHASSIS;TRAILER 05;CHS-0057;PATRIA;;INDONESIA;1999;ALAT PENDUKUNG;;MASUK PERHITUNGAN;;;;;;;;;;;
2025;R4;PANTOLOAN;SPTP;CHASSIS;TRAILER 06;CHS-0058;PATRIA;;INDONESIA;1999;ALAT PENDUKUNG;;MASUK PERHITUNGAN;;;;;;;;;;;
2025;R4;PANTOLOAN;SPTP;CHASSIS;TRAILER 07;CHS-0189;MTU;;INDONESIA;2012;ALAT PENDUKUNG;;MASUK PERHITUNGAN;;;;;;;;;;;
2025;R4;PANTOLOAN;SPTP;CHASSIS;TRAILER 08;CHS-0190;MTU;;INDONESIA;2012;ALAT PENDUKUNG;;MASUK PERHITUNGAN;;;;;;;;;;;
2025;R4;PANTOLOAN;SPTP;CHASSIS;TRAILER 04;CHS-0245;REMAJA;;INDONESIA;2013;ALAT PENDUKUNG;;MASUK PERHITUNGAN;;;;;;;;;;;
2025;R4;PANTOLOAN;SPTP;CHASSIS;TRAILER 09;CHS-0246;REMAJA;;INDONESIA;2013;ALAT PENDUKUNG;;MASUK PERHITUNGAN;;;;;;;;;;;
2025;R4;PANTOLOAN;SPTP;CHASSIS;TRAILER 10;CHS-0247;REMAJA;;INDONESIA;2013;ALAT PENDUKUNG;;MASUK PERHITUNGAN;;;;;;;;;;;
2025;R4;PANTOLOAN;SPTP;CHASSIS;TRAILER 11;CHS-0279;BUMI PALAPA;;INDONESIA;2014;ALAT PENDUKUNG;;MASUK PERHITUNGAN;;;;;;;;;;;
2025;R4;PANTOLOAN;SPTP;CHASSIS;TRAILER 07;CHS-0280;BUMI PALAPA;;INDONESIA;2014;ALAT PENDUKUNG;;MASUK PERHITUNGAN;;;;;;;;;;;
2025;R4;PANTOLOAN;SPTP;CHASSIS;TRAILER 08;CHS-0433;GEMALA SARANA UPAYA;;INDONESIA;2019;ALAT PENDUKUNG;;MASUK PERHITUNGAN;;;;;;;;;;;
2025;R4;PANTOLOAN;SPTP;CHASSIS;TRAILER 09;CHS-0434;GEMALA SARANA UPAYA;;INDONESIA;2019;ALAT PENDUKUNG;;MASUK PERHITUNGAN;;;;;;;;;;;
2025;R4;PANTOLOAN;SPTP;CHASSIS;TRAILER 10;CHS-0435;GEMALA SARANA UPAYA;;INDONESIA;2019;ALAT PENDUKUNG;;MASUK PERHITUNGAN;;;;;;;;;;;
2025;R4;PANTOLOAN;SPTP;CHASSIS;TRAILER 11;CHS-0436;GEMALA SARANA UPAYA;;INDONESIA;2019;ALAT PENDUKUNG;;MASUK PERHITUNGAN;;;;;;;;;;;
2025;R4;PANTOLOAN;SPTP;CHASSIS;TRAILER 12;CHS-0437;GEMALA SARANA UPAYA;;INDONESIA;2019;ALAT PENDUKUNG;;MASUK PERHITUNGAN;;;;;;;;;;;
2025;R4;PANTOLOAN;SPTP;FORKLIFT;FORKLIFT LOADER 03 32 Ton;FLT-0137;KALMAR;;CHINA;2014;ALAT CY;;MASUK PERHITUNGAN;;;;;;;;;;;
2025;R4;PANTOLOAN;SPTP;FORKLIFT;FORKLIFT 04 7 Ton;FLT-0200;MITSUBISHI;;JEPANG;2018;ALAT CY;;MASUK PERHITUNGAN;;;;;;;;;;;
2025;R4;PANTOLOAN;SPTP;HEAD TRUCK;HEAD TRUCK 01;HDT-0022;NISSAN;;INDONESIA;1999;ALAT PENDUKUNG;;MASUK PERHITUNGAN;;;;;;;;;;;
2025;R4;PANTOLOAN;SPTP;HEAD TRUCK;HEAD TRUCK 16;HDT-0364;NISSAN;;JEPANG;2019;ALAT PENDUKUNG;;MASUK PERHITUNGAN;;;;;;;;;;;
2025;R4;PANTOLOAN;SPTP;QUAY CONTAINER CRANE;CONTAINER CRANE 01;QCC-0006;MITSUBISHI;;JEPANG;1981;ALAT DERMAGA;;MASUK PERHITUNGAN;;;;;;;;;;;
2025;R4;PANTOLOAN;SPTP;REACH STACKER;REACHSTACKER 01;RST-0028;KALMAR;;CHINA;2011;ALAT CY;;MASUK PERHITUNGAN;;;;;;;;;;;
2025;R4;PANTOLOAN;SPTP;REACH STACKER;REACHSTACKER 02;RST-0041;TEREX;;PERANCIS;2014;ALAT CY;;MASUK PERHITUNGAN;;;;;;;;;;;
2025;R4;PANTOLOAN;SPTP;REACH STACKER;REACHSTACKER 03;RST-0091;KALMAR;;CHINA;2018;ALAT CY;;MASUK PERHITUNGAN;;;;;;;;;;;
2025;R4;PANTOLOAN;SPTP;REACH STACKER;REACHSTACKER 04;RST-0092;KALMAR;;CHINA;2018;ALAT CY;;MASUK PERHITUNGAN;;;;;;;;;;;
2025;R4;PANTOLOAN;R4;FORKLIFT;FORKLIFT 01 5 Ton;FLT-0008;TOYOTA;;JEPANG;1985;ALAT CY;;TIDAK MASUK PERHITUNGAN;;Sudah dihapuskan;;;;;;;;;
2025;R4;PANTOLOAN;R4;FORKLIFT;FORKLIFT 02 7 ton;FLT-0087;TOYOTA;;JEPANG;2011;ALAT CY;;TIDAK MASUK PERHITUNGAN;;Usul Hapus;;;;;;;;;
2025;R4;PANTOLOAN;R4;GANTRY LUFFING CRANE;LUFFING CRANE 01;GLC-0001;SUMITOMO;;JEPANG;1980;ALAT DERMAGA;;TIDAK MASUK PERHITUNGAN;;Sudah dihapuskan;;;;;;;;;
2025;R4;PANTOLOAN;R4;HEAD TRUCK;HEAD TRUCK 15;HDT-0214;HINO;;INDONESIA;2014;ALAT PENDUKUNG;;TIDAK MASUK PERHITUNGAN;;Dobel. Alat telah di relokasi ke Pelabuhan Fakfak dan tercatat disana.;;;;;;;;;
2025;R4;PANTOLOAN;SPTP;RUBBER TYRED GANTRY CRANE;RUBBER TYRED GANTRY 01;RTG-0051;MITSUBISHI;;JEPANG;2000;ALAT CY;;MASUK PERHITUNGAN;;;;;;;;;;;
2025;R4;PANTOLOAN;SPTP;RUBBER TYRED GANTRY CRANE;RUBBER TYRED GANTRY 02;RTG-0052;MITSUBISHI;;JEPANG;2000;ALAT CY;;MASUK PERHITUNGAN;;;;;;;;;;;
2025;R4;PANTOLOAN;SPTP;RUBBER TYRED GANTRY CRANE;RUBBER TYRED GANTRY 03;RTG-0064;HYUNDAI;;KOREA SELATAN;2005;ALAT CY;;MASUK PERHITUNGAN;;;;;;;;;;;
2025;R4;PANTOLOAN;SPTP;TERMINAL TRACTOR;TERMINAL TRAKTOR 14;TTR-0022;NISSAN;;INDONESIA;2013;ALAT PENDUKUNG;;MASUK PERHITUNGAN;;;;;;;;;;;
2025;R4;PANTOLOAN;SPTP;TERMINAL TRACTOR;TERMINAL TRAKTOR 07;TTR-0096;KALMAR;;CHINA;2019;ALAT PENDUKUNG;;MASUK PERHITUNGAN;;;;;;;;;;;
2025;R4;PANTOLOAN;SPTP;TERMINAL TRACTOR;TERMINAL TRAKTOR 08;TTR-0097;KALMAR;;CHINA;2019;ALAT PENDUKUNG;;MASUK PERHITUNGAN;;;;;;;;;;;
2025;R4;PANTOLOAN;SPTP;TERMINAL TRACTOR;TERMINAL TRAKTOR 09;TTR-0098;KALMAR;;CHINA;2019;ALAT PENDUKUNG;;MASUK PERHITUNGAN;;;;;;;;;;;
2025;R4;PANTOLOAN;SPTP;TERMINAL TRACTOR;TERMINAL TRAKTOR 10;TTR-0099;KALMAR;;CHINA;2019;ALAT PENDUKUNG;;MASUK PERHITUNGAN;;;;;;;;;;;
2025;R4;PANTOLOAN;SPTP;TERMINAL TRACTOR;TERMINAL TRAKTOR 11;TTR-0100;KALMAR;;CHINA;2019;ALAT PENDUKUNG;;MASUK PERHITUNGAN;;;;;;;;;;;
2025;R4;PANTOLOAN;SPTP;TERMINAL TRACTOR;TERMINAL TRAKTOR 12;TTR-0101;KALMAR;;CHINA;2019;ALAT PENDUKUNG;;MASUK PERHITUNGAN;;;;;;;;;;;
2025;R4;PANTOLOAN;SPTP;TERMINAL TRACTOR;TERMINAL TRAKTOR 13;TTR-0102;KALMAR;;CHINA;2019;ALAT PENDUKUNG;;MASUK PERHITUNGAN;;;;;;;;;;;
2025;R4;PARE-PARE;SPMT;REACH STACKER;REACH STACKER 06;RST-0101;KALMAR;;CHINA;2019;ALAT CY;;MASUK PERHITUNGAN;;;;;;;;;;;
2025;R4;SAMARINDA;R4;FORKLIFT;FORKLIFT 7 TON;FLT-0198;MITSUBISHI;FD70NH;JEPANG;2018;ALAT CY;;MASUK PERHITUNGAN;;;;;;;;;;;
2025;R4;SAMARINDA;R4;MOBILE CRANE;MOBILE CRANE KAP 25 TON;MBC-0008;NISSAN;;JEPANG;1984;ALAT DERMAGA;;TIDAK MASUK PERHITUNGAN;;Usul Hapus;;;;;;;;;
2025;R4;SORONG;SPTP;CHASSIS;CHASSIS 15-40 MERK : PATRIA;CHS-0061;PATRIA;;INDONESIA;1999;ALAT PENDUKUNG;;MASUK PERHITUNGAN;;;;;;;;;;;
2025;R4;SORONG;SPTP;CHASSIS;CHASIS 20-40 FEET MERK : HARMONI;CHS-0184;HARMONI SATYA SUKSES;;INDONESIA;2011;ALAT PENDUKUNG;;MASUK PERHITUNGAN;;;;;;;;;;;
2025;R4;SORONG;SPTP;CHASSIS;CHASSIS 01;CHS-0460;REMAJA;;INDONESIA;2019;ALAT PENDUKUNG;;MASUK PERHITUNGAN;;;;;;;;;;;
2025;R4;SORONG;SPTP;CHASSIS;CHASSIS 02;CHS-0461;REMAJA;;INDONESIA;2019;ALAT PENDUKUNG;;MASUK PERHITUNGAN;;;;;;;;;;;
2025;R4;SORONG;SPTP;FORKLIFT;FORKLIFT 7 TON 02;FLT-0132;MITSUBISHI;;JEPANG;2013;ALAT CY;;MASUK PERHITUNGAN;;;;;;;;;;;
2025;R4;SORONG;SPTP;HEAD TRUCK;HEAD TRUCK 07;HDT-0133;HINO;;JEPANG;2011;ALAT PENDUKUNG;;MASUK PERHITUNGAN;;;;;;;;;;;
2025;R4;SORONG;SPTP;HEAD TRUCK;HEAD TRUCK 08;HDT-0134;HINO;;JEPANG;2011;ALAT PENDUKUNG;;MASUK PERHITUNGAN;;;;;;;;;;;
2025;R4;SORONG;SPTP;HEAD TRUCK;HEAD TRUCK 05;HDT-0195;HINO;;INDONESIA;2013;ALAT PENDUKUNG;;MASUK PERHITUNGAN;;;;;;;;;;;
2025;R4;SORONG;SPTP;HEAD TRUCK;HEAD TRUCK 01;HDT-0202;HINO;;INDONESIA;2013;ALAT PENDUKUNG;;MASUK PERHITUNGAN;;;;;;;;;;;
2025;R4;SORONG;SPTP;HEAD TRUCK;HEAD TRUCK 06;HDT-0213;HINO;;INDONESIA;2014;ALAT PENDUKUNG;;MASUK PERHITUNGAN;;;;;;;;;;;
2025;R4;SORONG;SPTP;HEAD TRUCK;HEAD TRUCK 02;HDT-0374;HINO;;INDONESIA;2019;ALAT PENDUKUNG;;MASUK PERHITUNGAN;;;;;;;;;;;
2025;R4;SORONG;SPTP;HEAD TRUCK;HEAD TRUCK 03;HDT-0375;HINO;;INDONESIA;2019;ALAT PENDUKUNG;;MASUK PERHITUNGAN;;;;;;;;;;;
2025;R4;SORONG;SPTP;HEAD TRUCK;HEAD TRUCK 04;HDT-0376;HINO;;INDONESIA;2019;ALAT PENDUKUNG;;MASUK PERHITUNGAN;;;;;;;;;;;
2025;R4;SORONG;SPTP;QUAY CONTAINER CRANE;CONTAINER CRANE 01;QCC-0025;IMPSA;;MALAYSIA;2000;ALAT DERMAGA;;MASUK PERHITUNGAN;;;;;;;;;;;
2025;R4;SORONG;SPTP;QUAY CONTAINER CRANE;CONTAINER CRANE 02;QCC-0026;IMPSA;;MALAYSIA;2000;ALAT DERMAGA;;MASUK PERHITUNGAN;;;;;;;;;;;
2025;R4;SORONG;SPTP;REACH STACKER;REACH STACKER 02;RST-0037;KALMAR;;CHINA;2013;ALAT CY;;MASUK PERHITUNGAN;;;;;;;;;;;
2025;R4;SORONG;SPTP;REACH STACKER;REACH STACKER 03;RST-0097;KALMAR;;CHINA;2018;ALAT CY;;MASUK PERHITUNGAN;;;;;;;;;;;
2025;R4;SORONG;SPTP;REACH STACKER;REACH STACKER 04;RST-0098;KALMAR;;CHINA;2018;ALAT CY;;MASUK PERHITUNGAN;;;;;;;;;;;
2025;R4;SORONG;SPTP;RUBBER TYRED GANTRY CRANE;RUBBER TYRED GANTRY 01;RTG-0142;DINSON;;CHINA;2020;ALAT CY;;MASUK PERHITUNGAN;;;;;;;;;;;
2025;R4;SORONG;SPTP;RUBBER TYRED GANTRY CRANE;RUBBER TYRED GANTRY 02;RTG-0143;DINSON;;CHINA;2020;ALAT CY;;MASUK PERHITUNGAN;;;;;;;;;;;
2025;R4;SORONG;R4;FORKLIFT;FORKLIFT 7 TON 01;FLT-0113;MITSUBISHI;FD70;JEPANG;2012;ALAT CY;;MASUK PERHITUNGAN;;;;;;;;;;;
2025;R4;SORONG;R4;TRONTON;TRONTON 02;TRN-0006;HINO;FM260TI;INDONESIA;2009;ALAT PENDUKUNG;;MASUK PERHITUNGAN;;;;;;;;;;;
2025;R4;SORONG;R4;TRONTON;TRONTON 03;TRN-0007;HINO;FM260TI;INDONESIA;2009;ALAT PENDUKUNG;;MASUK PERHITUNGAN;;;;;;;;;;;
2025;R4;SORONG;R4;TRONTON;TRONTON 04;TRN-0018;HINO; FM260TI;INDONESIA;2012;ALAT PENDUKUNG;;MASUK PERHITUNGAN;;;;;;;;;;;
2025;R4;SORONG;R4;TRONTON;TRONTON 07;TRN-0045;HINO;FM 260 JD;INDONESIA;2019;ALAT PENDUKUNG;;MASUK PERHITUNGAN;;;;;;;;;;;
2025;R4;SORONG;R4;TRONTON;TRONTON 08;TRN-0046;HINO;FM 260 JD;INDONESIA;2019;ALAT PENDUKUNG;;MASUK PERHITUNGAN;;;;;;;;;;;
2025;R4;SORONG;R4;TRONTON;TRONTON 09;TRN-0047;HINO;FM 260 JD;INDONESIA;2019;ALAT PENDUKUNG;;MASUK PERHITUNGAN;;;;;;;;;;;
2025;R4;SORONG;SPTP;TRONTON;TRONTON 05;TRN-0019;HINO;;INDONESIA;2012;ALAT PENDUKUNG;;MASUK PERHITUNGAN;;;;;;;;;;;
2025;R4;SORONG;SPTP;TRONTON;TRONTON 06;TRN-0025;HINO;;INDONESIA;2013;ALAT PENDUKUNG;;MASUK PERHITUNGAN;;;;;;;;;;;
2025;R4;TANJUNG REDEB;R4;FORKLIFT;FORKLIFT;FLT-0107;MITSUBISHI;FD 70;JEPANG;2012;ALAT CY;;MASUK PERHITUNGAN;;;;;;;;;;;
2025;R4;TANJUNG REDEB;R4;TRONTON;TRONTON DB 8044 CY;TRN-0001;NISSAN;;INDONESIA;1995;ALAT PENDUKUNG;;TIDAK MASUK PERHITUNGAN;;Usul Hapus;;;;;;;;;
2025;R4;TANJUNG REDEB;R4;TRONTON;TRONTON DB 8041 CY;TRN-0002;NISSAN;;INDONESIA;1995;ALAT PENDUKUNG;;TIDAK MASUK PERHITUNGAN;;Usul Hapus;;;;;;;;;
2025;R4;TANJUNG REDEB;R4;TRONTON;TRONTON 01;TRN-0011;HINO;FM 260 ;INDONESIA;2012;ALAT PENDUKUNG;;MASUK PERHITUNGAN;;;;;;;;;;;
2025;R4;TANJUNG REDEB;R4;TRONTON;TRONTON 02;TRN-0012;HINO;FM 260 ;INDONESIA;2012;ALAT PENDUKUNG;;MASUK PERHITUNGAN;;;;;;;;;;;
2025;R4;TARAKAN;SPTP;CHASSIS;TRONTON;CHS-0091;NISSAN;;INDONESIA;2009;ALAT PENDUKUNG;;MASUK PERHITUNGAN;;;;;;;;;;;
2025;R4;TARAKAN;SPTP;CHASSIS;CHASSIS 40 FEET;CHS-0278;MJM;;INDONESIA;2014;ALAT PENDUKUNG;;MASUK PERHITUNGAN;;;;;;;;;;;
2025;R4;TARAKAN;SPTP;CHASSIS;CHASSIS 40 FEET;CHS-0404;MJM;;INDONESIA;2019;ALAT PENDUKUNG;;MASUK PERHITUNGAN;;;;;;;;;;;
2025;R4;TARAKAN;SPTP;CHASSIS;CHASSIS 40 FEET;CHS-0405;MJM;;INDONESIA;2019;ALAT PENDUKUNG;;MASUK PERHITUNGAN;;;;;;;;;;;
2025;R4;TARAKAN;SPTP;CHASSIS;CHASSIS 20 FEET;CHS-0406;MJM;;INDONESIA;2019;ALAT PENDUKUNG;;MASUK PERHITUNGAN;;;;;;;;;;;
2025;R4;TARAKAN;SPTP;CHASSIS;CHASSIS 20 FEET;CHS-0407;MJM;;INDONESIA;2019;ALAT PENDUKUNG;;MASUK PERHITUNGAN;;;;;;;;;;;
2025;R4;TARAKAN;SPTP;FORKLIFT;FORKLIFT 01 (7 T);FLT-0128;MITSUBISHI;;JEPANG;2013;ALAT CY;;MASUK PERHITUNGAN;;;;;;;;;;;
2025;R4;TARAKAN;SPTP;FORKLIFT;FORKLIFT 02 (5 T);FLT-0199;MITSUBISHI;;JEPANG;2018;ALAT CY;;MASUK PERHITUNGAN;;;;;;;;;;;
2025;R4;TARAKAN;SPTP;HEAD TRUCK;HEAD TRUCK 01;HDT-0212;HINO;;INDONESIA;2014;ALAT PENDUKUNG;;MASUK PERHITUNGAN;;;;;;;;;;;
2025;R4;TARAKAN;SPTP;HEAD TRUCK;HEAD TRUCK 02;HDT-0349;HINO;;INDONESIA;2018;ALAT PENDUKUNG;;MASUK PERHITUNGAN;;;;;;;;;;;
2025;R4;TARAKAN;SPTP;HEAD TRUCK;HEAD TRUCK 03;HDT-0350;HINO;;INDONESIA;2018;ALAT PENDUKUNG;;MASUK PERHITUNGAN;;;;;;;;;;;
2025;R4;TARAKAN;SPTP;HEAD TRUCK;HEAD TRUCK 04;HDT-0351;HINO;;INDONESIA;2018;ALAT PENDUKUNG;;MASUK PERHITUNGAN;;;;;;;;;;;
2025;R4;TARAKAN;SPTP;HEAD TRUCK;HEAD TRUCK 05;HDT-0352;HINO;;INDONESIA;2018;ALAT PENDUKUNG;;MASUK PERHITUNGAN;;;;;;;;;;;
2025;R4;TARAKAN;SPTP;REACH STACKER;REACH STACKER 01;RST-0015;KALMAR;;CHINA;2009;ALAT CY;;MASUK PERHITUNGAN;;;;;;;;;;;
2025;R4;TARAKAN;SPTP;REACH STACKER;REACH STACKER 02;RST-0089;KALMAR;;CHINA;2018;ALAT CY;;MASUK PERHITUNGAN;;;;;;;;;;;
2025;R4;TARAKAN;SPTP;REACH STACKER;REACH STACKER 04;RST-0099;SANY;;CHINA;2019;ALAT CY;;MASUK PERHITUNGAN;;;;;;;;;;;
2025;R4;TARAKAN;SPTP;RUBBER TYRED GANTRY CRANE;RUBBER TYRED GANTRY CRANE 01;RTG-0060;DOOSAN;;KOREA SELATAN;2004;ALAT CY;;MASUK PERHITUNGAN;;;;;;;;;;;
2025;R4;TARAKAN;SPTP;RUBBER TYRED GANTRY CRANE;RUBBER TYRED GANTRY CRANE 02;RTG-0061;DOOSAN;;KOREA SELATAN;2004;ALAT CY;;MASUK PERHITUNGAN;;;;;;;;;;;
2025;R4;TERMINAL PETIKEMAS BITUNG;SPTP;CHASSIS;CHASIS 04;CHS-0081;DIAMOND;;INDONESIA;2008;ALAT PENDUKUNG;;MASUK PERHITUNGAN;;;;;;;;;;;
2025;R4;TERMINAL PETIKEMAS BITUNG;SPTP;CHASSIS;CHASIS 06;CHS-0182;HARMONI SATYA SUKSES;;INDONESIA;2011;ALAT PENDUKUNG;;MASUK PERHITUNGAN;;;;;;;;;;;
2025;R4;TERMINAL PETIKEMAS BITUNG;SPTP;CHASSIS;CHASIS 07;CHS-0183;HARMONI SATYA SUKSES;;INDONESIA;2011;ALAT PENDUKUNG;;MASUK PERHITUNGAN;;;;;;;;;;;
2025;R4;TERMINAL PETIKEMAS BITUNG;SPTP;CHASSIS;CHASIS 08;CHS-0250;STJ SURABAYA;;INDONESIA;2013;ALAT PENDUKUNG;;MASUK PERHITUNGAN;;;;;;;;;;;
2025;R4;TERMINAL PETIKEMAS BITUNG;SPTP;CHASSIS;CHASIS 09;CHS-0251;STJ SURABAYA;;INDONESIA;2013;ALAT PENDUKUNG;;MASUK PERHITUNGAN;;;;;;;;;;;
2025;R4;TERMINAL PETIKEMAS BITUNG;SPTP;CHASSIS;CHASIS 01;CHS-0285;TOKYU CAR;;INDONESIA;2014;ALAT PENDUKUNG;;MASUK PERHITUNGAN;;;;;;;;;;;
2025;R4;TERMINAL PETIKEMAS BITUNG;SPTP;CHASSIS;CHASIS 02;CHS-0286;TOKYU CAR;;INDONESIA;2014;ALAT PENDUKUNG;;MASUK PERHITUNGAN;;;;;;;;;;;
2025;R4;TERMINAL PETIKEMAS BITUNG;SPTP;CHASSIS;CHASIS 03;CHS-0287;TOKYU CAR;;INDONESIA;2014;ALAT PENDUKUNG;;MASUK PERHITUNGAN;;;;;;;;;;;
2025;R4;TERMINAL PETIKEMAS BITUNG;SPTP;CHASSIS;CHASIS 10;CHS-0288;BUMI PALAPA;;INDONESIA;2014;ALAT PENDUKUNG;;MASUK PERHITUNGAN;;;;;;;;;;;
2025;R4;TERMINAL PETIKEMAS BITUNG;SPTP;CHASSIS;CHASIS 11;CHS-0289;BUMI PALAPA;;INDONESIA;2014;ALAT PENDUKUNG;;MASUK PERHITUNGAN;;;;;;;;;;;
2025;R4;TERMINAL PETIKEMAS BITUNG;SPTP;CHASSIS;CHASIS 12;CHS-0290;BUMI PALAPA;;INDONESIA;2014;ALAT PENDUKUNG;;MASUK PERHITUNGAN;;;;;;;;;;;
2025;R4;TERMINAL PETIKEMAS BITUNG;SPTP;CHASSIS;CHASIS 13;CHS-0291;BUMI PALAPA;;INDONESIA;2014;ALAT PENDUKUNG;;MASUK PERHITUNGAN;;;;;;;;;;;
2025;R4;TERMINAL PETIKEMAS BITUNG;SPTP;CHASSIS;CHASIS 14;CHS-0292;SKU;;INDONESIA;2014;ALAT PENDUKUNG;;MASUK PERHITUNGAN;;;;;;;;;;;
2025;R4;TERMINAL PETIKEMAS BITUNG;SPTP;CHASSIS;CHASIS 15;CHS-0318;SKU;;INDONESIA;2015;ALAT PENDUKUNG;;MASUK PERHITUNGAN;;;;;;;;;;;
2025;R4;TERMINAL PETIKEMAS BITUNG;SPTP;CHASSIS;CHASIS 16;CHS-0319;REMAJA;;INDONESIA;2015;ALAT PENDUKUNG;;MASUK PERHITUNGAN;;;;;;;;;;;
2025;R4;TERMINAL PETIKEMAS BITUNG;SPTP;CHASSIS;CHASIS 17;CHS-0320;REMAJA;;INDONESIA;2015;ALAT PENDUKUNG;;MASUK PERHITUNGAN;;;;;;;;;;;
2025;R4;TERMINAL PETIKEMAS BITUNG;SPTP;CHASSIS;CHASIS 18;CHS-0321;REMAJA;;INDONESIA;2015;ALAT PENDUKUNG;;MASUK PERHITUNGAN;;;;;;;;;;;
2025;R4;TERMINAL PETIKEMAS BITUNG;SPTP;CHASSIS;CHASIS 19;CHS-0322;REMAJA;;INDONESIA;2015;ALAT PENDUKUNG;;MASUK PERHITUNGAN;;;;;;;;;;;
2025;R4;TERMINAL PETIKEMAS BITUNG;SPTP;CHASSIS;CHASIS 20;CHS-0323;REMAJA;;INDONESIA;2015;ALAT PENDUKUNG;;MASUK PERHITUNGAN;;;;;;;;;;;
2025;R4;TERMINAL PETIKEMAS BITUNG;SPTP;CHASSIS;CHASIS 21;CHS-0324;REMAJA;;INDONESIA;2015;ALAT PENDUKUNG;;MASUK PERHITUNGAN;;;;;;;;;;;
2025;R4;TERMINAL PETIKEMAS BITUNG;SPTP;CHASSIS;CHASIS 22;CHS-0396;PATRIA;;INDONESIA;2018;ALAT PENDUKUNG;;MASUK PERHITUNGAN;;;;;;;;;;;
2025;R4;TERMINAL PETIKEMAS BITUNG;SPTP;CHASSIS;CHASIS 23;CHS-0397;PATRIA;;INDONESIA;2018;ALAT PENDUKUNG;;MASUK PERHITUNGAN;;;;;;;;;;;
2025;R4;TERMINAL PETIKEMAS BITUNG;SPTP;CHASSIS;CHASIS 24;CHS-0398;PATRIA;;INDONESIA;2018;ALAT PENDUKUNG;;MASUK PERHITUNGAN;;;;;;;;;;;
2025;R4;TERMINAL PETIKEMAS BITUNG;SPTP;CHASSIS;CHASIS 25;CHS-0399;PATRIA;;INDONESIA;2018;ALAT PENDUKUNG;;MASUK PERHITUNGAN;;;;;;;;;;;
2025;R4;TERMINAL PETIKEMAS BITUNG;SPTP;CHASSIS;CHASIS 26;CHS-0400;PATRIA;;INDONESIA;2018;ALAT PENDUKUNG;;MASUK PERHITUNGAN;;;;;;;;;;;
2025;R4;TERMINAL PETIKEMAS BITUNG;SPTP;FORKLIFT;FORKLIFT 03 (5 TON);FLT-0026;TCM;;CHINA;2004;ALAT CY;;MASUK PERHITUNGAN;;;;;;;;;;;
2025;R4;TERMINAL PETIKEMAS BITUNG;SPTP;FORKLIFT;FORKLIFT 05 (7 TON);FLT-0166;MITSUBISHI;;JEPANG;2015;ALAT CY;;MASUK PERHITUNGAN;;;;;;;;;;;
2025;R4;TERMINAL PETIKEMAS BITUNG;SPTP;FORKLIFT;FORKLIFT 06 (32 TON);FLT-0203;KONECRANES;;FINLANDIA;2018;ALAT CY;;MASUK PERHITUNGAN;;;;;;;;;;;
2025;R4;TERMINAL PETIKEMAS BITUNG;SPTP;HEAD TRUCK;HEAD TRUCK 12;HDT-0026;NISSAN;;INDONESIA;1999;ALAT PENDUKUNG;;TIDAK MASUK PERHITUNGAN;;Sudah dihapuskan (proses lelang);;;;;;;;;
2025;R4;TERMINAL PETIKEMAS BITUNG;SPTP;HEAD TRUCK;HEAD TRUCK 01;HDT-0029;ISUZU;;INDONESIA;2004;ALAT PENDUKUNG;;MASUK PERHITUNGAN;;;;;;;;;;;
2025;R4;TERMINAL PETIKEMAS BITUNG;SPTP;HEAD TRUCK;HEAD TRUCK 02;HDT-0042;HINO;;INDONESIA;2007;ALAT PENDUKUNG;;MASUK PERHITUNGAN;;;;;;;;;;;
2025;R4;TERMINAL PETIKEMAS BITUNG;SPTP;HEAD TRUCK;HEAD TRUCK 03;HDT-0051;HINO;;INDONESIA;2008;ALAT PENDUKUNG;;MASUK PERHITUNGAN;;;;;;;;;;;
2025;R4;TERMINAL PETIKEMAS BITUNG;SPTP;HEAD TRUCK;HEAD TRUCK 04;HDT-0153;HINO;;INDONESIA;2011;ALAT PENDUKUNG;;MASUK PERHITUNGAN;;;;;;;;;;;
2025;R4;TERMINAL PETIKEMAS BITUNG;SPTP;HEAD TRUCK;HEAD TRUCK 05;HDT-0154;HINO;;INDONESIA;2011;ALAT PENDUKUNG;;MASUK PERHITUNGAN;;;;;;;;;;;
2025;R4;TERMINAL PETIKEMAS BITUNG;SPTP;HEAD TRUCK;HEAD TRUCK 08;HDT-0198;HINO;;INDONESIA;2013;ALAT PENDUKUNG;;MASUK PERHITUNGAN;;;;;;;;;;;
2025;R4;TERMINAL PETIKEMAS BITUNG;SPTP;HEAD TRUCK;HEAD TRUCK 09;HDT-0199;HINO;;INDONESIA;2013;ALAT PENDUKUNG;;MASUK PERHITUNGAN;;;;;;;;;;;
2025;R4;TERMINAL PETIKEMAS BITUNG;SPTP;HEAD TRUCK;HEAD TRUCK 10;HDT-0219;HINO;;INDONESIA;2014;ALAT PENDUKUNG;;MASUK PERHITUNGAN;;;;;;;;;;;
2025;R4;TERMINAL PETIKEMAS BITUNG;SPTP;HEAD TRUCK;HEAD TRUCK 11;HDT-0220;HINO;;INDONESIA;2014;ALAT PENDUKUNG;;MASUK PERHITUNGAN;;;;;;;;;;;
2025;R4;TERMINAL PETIKEMAS BITUNG;SPTP;HEAD TRUCK;HEAD TRUCK 13;HDT-0221;HINO;;INDONESIA;2014;ALAT PENDUKUNG;;MASUK PERHITUNGAN;;;;;;;;;;;
2025;R4;TERMINAL PETIKEMAS BITUNG;SPTP;HEAD TRUCK;HEAD TRUCK 14;HDT-0222;HINO;;INDONESIA;2014;ALAT PENDUKUNG;;MASUK PERHITUNGAN;;;;;;;;;;;
2025;R4;TERMINAL PETIKEMAS BITUNG;SPTP;HEAD TRUCK;HEAD TRUCK 15;HDT-0258;HINO;;INDONESIA;2015;ALAT PENDUKUNG;;MASUK PERHITUNGAN;;;;;;;;;;;
2025;R4;TERMINAL PETIKEMAS BITUNG;SPTP;HEAD TRUCK;HEAD TRUCK 16;HDT-0259;HINO;;INDONESIA;2015;ALAT PENDUKUNG;;MASUK PERHITUNGAN;;Accident sejak tanggal 07 April 2025 (tabrakan dgn CC01);;;;;;;;;
2025;R4;TERMINAL PETIKEMAS BITUNG;SPTP;HEAD TRUCK;HEAD TRUCK 17;HDT-0260;HINO;;INDONESIA;2015;ALAT PENDUKUNG;;MASUK PERHITUNGAN;;;;;;;;;;;
2025;R4;TERMINAL PETIKEMAS BITUNG;SPTP;HEAD TRUCK;HEAD TRUCK 18;HDT-0261;HINO;;INDONESIA;2015;ALAT PENDUKUNG;;MASUK PERHITUNGAN;;;;;;;;;;;
2025;R4;TERMINAL PETIKEMAS BITUNG;SPTP;HEAD TRUCK;HEAD TRUCK 19;HDT-0262;HINO;;INDONESIA;2015;ALAT PENDUKUNG;;MASUK PERHITUNGAN;;;;;;;;;;;
2025;R4;TERMINAL PETIKEMAS BITUNG;SPTP;HEAD TRUCK;HEAD TRUCK 20;HDT-0263;HINO;;INDONESIA;2015;ALAT PENDUKUNG;;MASUK PERHITUNGAN;;;;;;;;;;;
2025;R4;TERMINAL PETIKEMAS BITUNG;SPTP;HEAD TRUCK;HEAD TRUCK 21;HDT-0264;HINO;;INDONESIA;2015;ALAT PENDUKUNG;;MASUK PERHITUNGAN;;;;;;;;;;;
2025;R4;TERMINAL PETIKEMAS BITUNG;SPTP;HEAD TRUCK;HEAD TRUCK 22;HDT-0356;HINO;;INDONESIA;2018;ALAT PENDUKUNG;;MASUK PERHITUNGAN;;;;;;;;;;;
2025;R4;TERMINAL PETIKEMAS BITUNG;SPTP;HEAD TRUCK;HEAD TRUCK 23;HDT-0357;HINO;;INDONESIA;2018;ALAT PENDUKUNG;;MASUK PERHITUNGAN;;;;;;;;;;;
2025;R4;TERMINAL PETIKEMAS BITUNG;SPTP;HEAD TRUCK;HEAD TRUCK 24;HDT-0358;HINO;;INDONESIA;2018;ALAT PENDUKUNG;;MASUK PERHITUNGAN;;;;;;;;;;;
2025;R4;TERMINAL PETIKEMAS BITUNG;SPTP;HEAD TRUCK;HEAD TRUCK 25;HDT-0359;HINO;;INDONESIA;2018;ALAT PENDUKUNG;;MASUK PERHITUNGAN;;;;;;;;;;;
2025;R4;TERMINAL PETIKEMAS BITUNG;SPTP;HEAD TRUCK;HEAD TRUCK 26;HDT-0360;HINO;;INDONESIA;2018;ALAT PENDUKUNG;;MASUK PERHITUNGAN;;;;;;;;;;;
2025;R4;TERMINAL PETIKEMAS BITUNG;SPTP;HEAD TRUCK;HEAD TRUCK 27;HDT-0361;HINO;;INDONESIA;2018;ALAT PENDUKUNG;;MASUK PERHITUNGAN;;;;;;;;;;;
2025;R4;TERMINAL PETIKEMAS BITUNG;SPTP;QUAY CONTAINER CRANE;CONTAINER CRANE 01;QCC-0007;HITACHI;;JEPANG;1982;ALAT DERMAGA;;MASUK PERHITUNGAN;;;;;;;;;;;
2025;R4;TERMINAL PETIKEMAS BITUNG;SPTP;QUAY CONTAINER CRANE;CONTAINER CRANE 03;QCC-0009;MITSUI PACECO;;JEPANG;1985;ALAT DERMAGA;;MASUK PERHITUNGAN;;;;;;;;;;;
2025;R4;TERMINAL PETIKEMAS BITUNG;SPTP;QUAY CONTAINER CRANE;CONTAINER CRANE 04;QCC-0020;ZPMC;;CHINA;1997;ALAT DERMAGA;;MASUK PERHITUNGAN;;;;;;;;;;;
2025;R4;TERMINAL PETIKEMAS BITUNG;SPTP;QUAY CONTAINER CRANE;CONTAINER CRANE 06;QCC-0032;HYUNDAI;;KOREA SELATAN;2004;ALAT DERMAGA;;MASUK PERHITUNGAN;;;;;;;;;;;
2025;R4;TERMINAL PETIKEMAS BITUNG;SPTP;QUAY CONTAINER CRANE;CONTAINER CRANE 05;QCC-0067;GYC;;CHINA;2017;ALAT DERMAGA;;MASUK PERHITUNGAN;;;;;;;;;;;
2025;R4;TERMINAL PETIKEMAS BITUNG;SPTP;REACH STACKER;REACH STACKER 01;RST-0002;FANTUZZI;;ITALIA;1998;ALAT CY;;MASUK PERHITUNGAN;;;;;;;;;;;
2025;R4;TERMINAL PETIKEMAS BITUNG;SPTP;REACH STACKER;REACH STACKER 02;RST-0042;TEREX;;PERANCIS;2014;ALAT CY;;MASUK PERHITUNGAN;;;;;;;;;;;
2025;R4;TERMINAL PETIKEMAS BITUNG;SPTP;RUBBER TYRED GANTRY CRANE;RUBBER TYRED GANTRY 01;RTG-0001;MITSUBISHI;;JEPANG;1985;ALAT CY;;MASUK PERHITUNGAN;;;;;;;;;;;
2025;R4;TERMINAL PETIKEMAS BITUNG;SPTP;RUBBER TYRED GANTRY CRANE;RUBBER TYRED GANTRY 02;RTG-0002;MITSUBISHI;;JEPANG;1985;ALAT CY;;MASUK PERHITUNGAN;;;;;;;;;;;
2025;R4;TERMINAL PETIKEMAS BITUNG;SPTP;RUBBER TYRED GANTRY CRANE;RUBBER TYRED GANTRY 03;RTG-0008;SUMITOMO;;JEPANG;1986;ALAT CY;;MASUK PERHITUNGAN;;;;;;;;;;;
2025;R4;TERMINAL PETIKEMAS BITUNG;SPTP;RUBBER TYRED GANTRY CRANE;RUBBER TYRED GANTRY 04;RTG-0009;SUMITOMO;;JEPANG;1986;ALAT CY;;MASUK PERHITUNGAN;;;;;;;;;;;
2025;R4;TERMINAL PETIKEMAS BITUNG;SPTP;RUBBER TYRED GANTRY CRANE;RUBBER TYRED GANTRY 08;RTG-0011;MITSUI PACECO;;JEPANG;1991;ALAT CY;;MASUK PERHITUNGAN;;;;;;;;;;;
2025;R4;TERMINAL PETIKEMAS BITUNG;SPTP;RUBBER TYRED GANTRY CRANE;RUBBER TYRED GANTRY 05;RTG-0026;ZPMC;;CHINA;1997;ALAT CY;;MASUK PERHITUNGAN;;;;;;;;;;;
2025;R4;TERMINAL PETIKEMAS BITUNG;SPTP;RUBBER TYRED GANTRY CRANE;RUBBER TYRED GANTRY 06;RTG-0027;ZPMC;;CHINA;1997;ALAT CY;;MASUK PERHITUNGAN;;;;;;;;;;;
2025;R4;TERMINAL PETIKEMAS BITUNG;SPTP;RUBBER TYRED GANTRY CRANE;RUBBER TYRED GANTRY 09;RTG-0062;KALMAR;;CHINA;2004;ALAT CY;;MASUK PERHITUNGAN;;;;;;;;;;;
2025;R4;TERMINAL PETIKEMAS BITUNG;SPTP;RUBBER TYRED GANTRY CRANE;RUBBER TYRED GANTRY 10;RTG-0063;KALMAR;;CHINA;2004;ALAT CY;;MASUK PERHITUNGAN;;;;;;;;;;;
2025;R4;TERMINAL PETIKEMAS BITUNG;SPTP;RUBBER TYRED GANTRY CRANE;RUBBER TYRED GANTRY 11;RTG-0065;HYUNDAI;;KOREA SELATAN;2005;ALAT CY;;MASUK PERHITUNGAN;;;;;;;;;;;
2025;R4;TERMINAL PETIKEMAS BITUNG;SPTP;RUBBER TYRED GANTRY CRANE;RUBBER TYRED GANTRY 7;RTG-0141;DINSON;;CHINA;2020;ALAT CY;;MASUK PERHITUNGAN;;;;;;;;;;;
2025;R4;TERMINAL PETIKEMAS BITUNG;SPTP;SIDE LOADER;SIDE LOADER;SIL-0013;TEREX;;ITALIA;2012;ALAT CY;;MASUK PERHITUNGAN;;;;;;;;;;;
2025;R4;TERMINAL PETIKEMAS BITUNG;SPTP;HEAD TRUCK;HEAD TRUCK 06;TTR-0004;ISUZU;;INDONESIA;2004;ALAT PENDUKUNG;;MASUK PERHITUNGAN;;;;;;;;;;;
2025;R4;TERMINAL PETIKEMAS BITUNG;SPTP;HEAD TRUCK;HEAD TRUCK 07;TTR-0005;ISUZU;;INDONESIA;2004;ALAT PENDUKUNG;;MASUK PERHITUNGAN;;;;;;;;;;;
2025;R4;TERMINAL PETIKEMAS MAKASSAR;SPTP;CHASSIS;HT 15 NISSAN TYPE/MODEL : PK 260 CT;CHS-0014;ANTIKA RAYA;;INDONESIA;1984;ALAT PENDUKUNG;;MASUK PERHITUNGAN;;;;;;;;;;;
2025;R4;TERMINAL PETIKEMAS MAKASSAR;SPTP;CHASSIS;HT 16 NISSAN TYPE/MODEL : PK 260 CT;CHS-0015;ANTIKA RAYA;;INDONESIA;1984;ALAT PENDUKUNG;;MASUK PERHITUNGAN;;;;;;;;;;;
2025;R4;TERMINAL PETIKEMAS MAKASSAR;SPTP;CHASSIS;HT 17 NISSAN TYPE/MODEL : PK 260 CT;CHS-0035;ANTIKA RAYA;;INDONESIA;1996;ALAT PENDUKUNG;;MASUK PERHITUNGAN;;;;;;;;;;;
2025;R4;TERMINAL PETIKEMAS MAKASSAR;SPTP;CHASSIS;HT 18 NISSAN TYPE/MODEL : PK 260 CT;CHS-0036;ANTIKA RAYA;;INDONESIA;1996;ALAT PENDUKUNG;;MASUK PERHITUNGAN;;;;;;;;;;;
2025;R4;TERMINAL PETIKEMAS MAKASSAR;SPTP;CHASSIS;CHASSIS 01-40 MERK : PATRIA;CHS-0052;PATRIA;;INDONESIA;1999;ALAT PENDUKUNG;;MASUK PERHITUNGAN;;;;;;;;;;;
2025;R4;TERMINAL PETIKEMAS MAKASSAR;SPTP;CHASSIS;CHASSIS 12-40 MERK : PATRIA;CHS-0053;PATRIA;;INDONESIA;1999;ALAT PENDUKUNG;;MASUK PERHITUNGAN;;;;;;;;;;;
2025;R4;TERMINAL PETIKEMAS MAKASSAR;SPTP;CHASSIS;CHASSIS 16-40 MERK : PATRIA;CHS-0054;PATRIA;;INDONESIA;1999;ALAT PENDUKUNG;;MASUK PERHITUNGAN;;;;;;;;;;;
2025;R4;TERMINAL PETIKEMAS MAKASSAR;SPTP;CHASSIS;CHASSIS 07-40 MERK : PATRIA;CHS-0055;PATRIA;;INDONESIA;1999;ALAT PENDUKUNG;;MASUK PERHITUNGAN;;;;;;;;;;;
2025;R4;TERMINAL PETIKEMAS MAKASSAR;SPTP;CHASSIS;CHASSIS 11-40 MERK : PATRIA;CHS-0056;PATRIA;;INDONESIA;1999;ALAT PENDUKUNG;;MASUK PERHITUNGAN;;;;;;;;;;;
2025;R4;TERMINAL PETIKEMAS MAKASSAR;SPTP;CHASSIS;CHASIS 08-45 FEET MERK : HARMONI;CHS-0168;HARMONI SATYA SUKSES;;INDONESIA;2011;ALAT PENDUKUNG;;MASUK PERHITUNGAN;;;;;;;;;;;
2025;R4;TERMINAL PETIKEMAS MAKASSAR;SPTP;CHASSIS;CHASIS 10-40 FEET MERK : HARMONI;CHS-0169;HARMONI SATYA SUKSES;;INDONESIA;2011;ALAT PENDUKUNG;;MASUK PERHITUNGAN;;;;;;;;;;;
2025;R4;TERMINAL PETIKEMAS MAKASSAR;SPTP;CHASSIS;CHASIS 13-40 FEET MERK : HARMONI;CHS-0170;HARMONI SATYA SUKSES;;INDONESIA;2011;ALAT PENDUKUNG;;MASUK PERHITUNGAN;;;;;;;;;;;
2025;R4;TERMINAL PETIKEMAS MAKASSAR;SPTP;CHASSIS;CHASIS 14-45 FEET MERK : HARMONI;CHS-0171;HARMONI SATYA SUKSES;;INDONESIA;2011;ALAT PENDUKUNG;;MASUK PERHITUNGAN;;;;;;;;;;;
2025;R4;TERMINAL PETIKEMAS MAKASSAR;SPTP;CHASSIS;CHASIS 19-40 FEET MERK : HARMONI;CHS-0172;HARMONI SATYA SUKSES;;INDONESIA;2011;ALAT PENDUKUNG;;MASUK PERHITUNGAN;;;;;;;;;;;
2025;R4;TERMINAL PETIKEMAS MAKASSAR;SPTP;CHASSIS;CHASIS 21- 40 FEET MERK : HARMONI;CHS-0173;HARMONI SATYA SUKSES;;INDONESIA;2011;ALAT PENDUKUNG;;MASUK PERHITUNGAN;;;;;;;;;;;
2025;R4;TERMINAL PETIKEMAS MAKASSAR;SPTP;CHASSIS;CHASIS 22-40 FEET MERK : HARMONI;CHS-0174;HARMONI SATYA SUKSES;;INDONESIA;2011;ALAT PENDUKUNG;;MASUK PERHITUNGAN;;;;;;;;;;;
2025;R4;TERMINAL PETIKEMAS MAKASSAR;SPTP;CHASSIS;CHASIS 23- 40  FEET MERK : HARMONI;CHS-0175;HARMONI SATYA SUKSES;;INDONESIA;2011;ALAT PENDUKUNG;;MASUK PERHITUNGAN;;;;;;;;;;;
2025;R4;TERMINAL PETIKEMAS MAKASSAR;SPTP;CHASSIS;CHASIS 24-45 FEET MERK : HARMONI;CHS-0176;HARMONI SATYA SUKSES;;INDONESIA;2011;ALAT PENDUKUNG;;MASUK PERHITUNGAN;;;;;;;;;;;
2025;R4;TERMINAL PETIKEMAS MAKASSAR;SPTP;CHASSIS;CHASIS 25 - 45 FEET MERK : HARMONI;CHS-0177;HARMONI SATYA SUKSES;;INDONESIA;2011;ALAT PENDUKUNG;;MASUK PERHITUNGAN;;;;;;;;;;;
2025;R4;TERMINAL PETIKEMAS MAKASSAR;SPTP;CHASSIS;CHASIS 26 -45 FEET MERK : HARMONI;CHS-0178;HARMONI SATYA SUKSES;;INDONESIA;2011;ALAT PENDUKUNG;;MASUK PERHITUNGAN;;;;;;;;;;;
2025;R4;TERMINAL PETIKEMAS MAKASSAR;SPTP;CHASSIS;CHASIS 27-45 FEET MERK : HARMONI;CHS-0179;HARMONI SATYA SUKSES;;INDONESIA;2011;ALAT PENDUKUNG;;MASUK PERHITUNGAN;;;;;;;;;;;
2025;R4;TERMINAL PETIKEMAS MAKASSAR;SPTP;CHASSIS;CHASIS 28-45 FEET MERK : HARMONI;CHS-0180;HARMONI SATYA SUKSES;;INDONESIA;2011;ALAT PENDUKUNG;;MASUK PERHITUNGAN;;;;;;;;;;;
2025;R4;TERMINAL PETIKEMAS MAKASSAR;SPTP;CHASSIS;CHASIS 29-45 FEET MERK : HARMONI;CHS-0243;HARMONI SATYA SUKSES;;INDONESIA;2013;ALAT PENDUKUNG;;MASUK PERHITUNGAN;;;;;;;;;;;
2025;R4;TERMINAL PETIKEMAS MAKASSAR;SPTP;CHASSIS;CHASIS 30-45 FEET MERK : HARMONI;CHS-0244;HARMONI SATYA SUKSES;;INDONESIA;2013;ALAT PENDUKUNG;;MASUK PERHITUNGAN;;;;;;;;;;;
2025;R4;TERMINAL PETIKEMAS MAKASSAR;SPTP;CHASSIS;CHASSIS (TR 04);CHS-0408;GEMALA SARANA UPAYA;;INDONESIA;2019;ALAT PENDUKUNG;;MASUK PERHITUNGAN;;;;;;;;;;;
2025;R4;TERMINAL PETIKEMAS MAKASSAR;SPTP;CHASSIS;CHASSIS (TR 07);CHS-0409;GEMALA SARANA UPAYA;;INDONESIA;2019;ALAT PENDUKUNG;;MASUK PERHITUNGAN;;;;;;;;;;;
2025;R4;TERMINAL PETIKEMAS MAKASSAR;SPTP;CHASSIS;CHASSIS (TR 09);CHS-0410;GEMALA SARANA UPAYA;;INDONESIA;2019;ALAT PENDUKUNG;;MASUK PERHITUNGAN;;;;;;;;;;;
2025;R4;TERMINAL PETIKEMAS MAKASSAR;SPTP;CHASSIS;CHASSIS (TR 13);CHS-0411;GEMALA SARANA UPAYA;;INDONESIA;2019;ALAT PENDUKUNG;;MASUK PERHITUNGAN;;;;;;;;;;;
2025;R4;TERMINAL PETIKEMAS MAKASSAR;SPTP;CHASSIS;CHASSIS (TR 14);CHS-0412;GEMALA SARANA UPAYA;;INDONESIA;2019;ALAT PENDUKUNG;;MASUK PERHITUNGAN;;;;;;;;;;;
2025;R4;TERMINAL PETIKEMAS MAKASSAR;SPTP;CHASSIS;CHASSIS (TR 15);CHS-0413;GEMALA SARANA UPAYA;;INDONESIA;2019;ALAT PENDUKUNG;;MASUK PERHITUNGAN;;;;;;;;;;;
2025;R4;TERMINAL PETIKEMAS MAKASSAR;SPTP;CHASSIS;CHASSIS (TR 16);CHS-0414;GEMALA SARANA UPAYA;;INDONESIA;2019;ALAT PENDUKUNG;;MASUK PERHITUNGAN;;;;;;;;;;;
2025;R4;TERMINAL PETIKEMAS MAKASSAR;SPTP;CHASSIS;CHASSIS (TR 17);CHS-0415;GEMALA SARANA UPAYA;;INDONESIA;2019;ALAT PENDUKUNG;;MASUK PERHITUNGAN;;;;;;;;;;;
2025;R4;TERMINAL PETIKEMAS MAKASSAR;SPTP;CHASSIS;CHASSIS (TR 18);CHS-0416;GEMALA SARANA UPAYA;;INDONESIA;2019;ALAT PENDUKUNG;;MASUK PERHITUNGAN;;;;;;;;;;;
2025;R4;TERMINAL PETIKEMAS MAKASSAR;SPTP;CHASSIS;CHASSIS (TR 23);CHS-0417;GEMALA SARANA UPAYA;;INDONESIA;2019;ALAT PENDUKUNG;;MASUK PERHITUNGAN;;;;;;;;;;;
2025;R4;TERMINAL PETIKEMAS MAKASSAR;SPTP;FORKLIFT;FORKLIFT 7 TON 01;FLT-0047;TOYOTA;;JEPANG;2007;ALAT CY;;MASUK PERHITUNGAN;;;;;;;;;;;
2025;R4;TERMINAL PETIKEMAS MAKASSAR;SPTP;FORKLIFT;FORKLIFT 32 TON;FLT-0129;KALMAR;;CHINA;2013;ALAT CY;;MASUK PERHITUNGAN;;;;;;;;;;;
2025;R4;TERMINAL PETIKEMAS MAKASSAR;SPTP;FORKLIFT;FORKLIFT 7 TON 02;FLT-0164;MITSUBISHI;;JEPANG;2015;ALAT CY;;MASUK PERHITUNGAN;;;;;;;;;;;
2025;R4;TERMINAL PETIKEMAS MAKASSAR;SPTP;FORKLIFT;FORKLIFT 3 TON;FLT-0207;MITSUBISHI;;JEPANG;2019;ALAT CY;;MASUK PERHITUNGAN;;;;;;;;;;;
2025;R4;TERMINAL PETIKEMAS MAKASSAR;SPTP;QUAY CONTAINER CRANE;CONTEINER CRANE 06;QCC-0015;KAWASAKI/STS;;JEPANG;1992;ALAT DERMAGA;;MASUK PERHITUNGAN;;;;;;;;;;;
2025;R4;TERMINAL PETIKEMAS MAKASSAR;SPTP;QUAY CONTAINER CRANE;CONTEINER CRANE 07;QCC-0016;KAWASAKI/STS;;JEPANG;1992;ALAT DERMAGA;;MASUK PERHITUNGAN;;;;;;;;;;;
2025;R4;TERMINAL PETIKEMAS MAKASSAR;SPTP;QUAY CONTAINER CRANE;CONTEINER CRANE 01;QCC-0027;NOELL;;JERMAN;2001;ALAT DERMAGA;;MASUK PERHITUNGAN;;;;;;;;;;;
2025;R4;TERMINAL PETIKEMAS MAKASSAR;SPTP;QUAY CONTAINER CRANE;CONTEINER CRANE 02;QCC-0028;NOELL;;JERMAN;2001;ALAT DERMAGA;;MASUK PERHITUNGAN;;;;;;;;;;;
2025;R4;TERMINAL PETIKEMAS MAKASSAR;SPTP;REACH STACKER;REACH STACKER 01 FANTUZZI;RST-0001;FANTUZZI;;ITALIA;1997;ALAT CY;;TIDAK MASUK PERHITUNGAN;;Usul Hapus;;;;;;;;;
2025;R4;TERMINAL PETIKEMAS MAKASSAR;SPTP;REACH STACKER;REACH STACKER 02;RST-0010;KALMAR;;CHINA;2008;ALAT CY;;MASUK PERHITUNGAN;;;;;;;;;;;
2025;R4;TERMINAL PETIKEMAS MAKASSAR;SPTP;REACH STACKER;REACH STACKER 03;RST-0103;KALMAR;;CHINA;2019;ALAT CY;;MASUK PERHITUNGAN;;;;;;;;;;;
2025;R4;TERMINAL PETIKEMAS MAKASSAR;SPTP;REACH STACKER;REACH STACKER 04;RST-0104;KALMAR;;CHINA;2019;ALAT CY;;MASUK PERHITUNGAN;;;;;;;;;;;
2025;R4;TERMINAL PETIKEMAS MAKASSAR;SPTP;REACH STACKER;REACH STACKER 05;RST-0105;SANY;;CHINA;2019;ALAT CY;;MASUK PERHITUNGAN;;;;;;;;;;;
2025;R4;TERMINAL PETIKEMAS MAKASSAR;SPTP;RUBBER TYRED GANTRY CRANE;RUBBER TYIRED GANTRY 09;RTG-0012;PACECO;;JEPANG;1993;ALAT CY;;MASUK PERHITUNGAN;;;;;;;;;;;
2025;R4;TERMINAL PETIKEMAS MAKASSAR;SPTP;RUBBER TYRED GANTRY CRANE;RUBBER TYIRED GANTRY 10;RTG-0013;PACECO;;JEPANG;1993;ALAT CY;;MASUK PERHITUNGAN;;;;;;;;;;;
2025;R4;TERMINAL PETIKEMAS MAKASSAR;SPTP;RUBBER TYRED GANTRY CRANE;RUBBER TYIRED GANTRY 11;RTG-0014;PACECO;;JEPANG;1993;ALAT CY;;MASUK PERHITUNGAN;;;;;;;;;;;
2025;R4;TERMINAL PETIKEMAS MAKASSAR;SPTP;RUBBER TYRED GANTRY CRANE;RUBBER TYIRED GANTRY 12;RTG-0015;PACECO;;JEPANG;1993;ALAT CY;;MASUK PERHITUNGAN;;;;;;;;;;;
2025;R4;TERMINAL PETIKEMAS MAKASSAR;SPTP;RUBBER TYRED GANTRY CRANE;RUBBER TYIRED GANTRY 13;RTG-0016;PACECO;;JEPANG;1993;ALAT CY;;MASUK PERHITUNGAN;;;;;;;;;;;
2025;R4;TERMINAL PETIKEMAS MAKASSAR;SPTP;RUBBER TYRED GANTRY CRANE;RUBBER TYIRED GANTRY 14;RTG-0017;PACECO;;JEPANG;1993;ALAT CY;;MASUK PERHITUNGAN;;;;;;;;;;;
2025;R4;TERMINAL PETIKEMAS MAKASSAR;SPTP;RUBBER TYRED GANTRY CRANE;RUBBER TYIRED GANTRY 01;RTG-0046;NOELL;;JERMAN;2000;ALAT CY;;MASUK PERHITUNGAN;;;;;;;;;;;
2025;R4;TERMINAL PETIKEMAS MAKASSAR;SPTP;RUBBER TYRED GANTRY CRANE;RUBBER TYIRED GANTRY 02;RTG-0047;NOELL;;JERMAN;2000;ALAT CY;;MASUK PERHITUNGAN;;;;;;;;;;;
2025;R4;TERMINAL PETIKEMAS MAKASSAR;SPTP;RUBBER TYRED GANTRY CRANE;RUBBER TYIRED GANTRY 03;RTG-0048;NOELL;;JERMAN;2000;ALAT CY;;MASUK PERHITUNGAN;;;;;;;;;;;
2025;R4;TERMINAL PETIKEMAS MAKASSAR;SPTP;RUBBER TYRED GANTRY CRANE;RUBBER TYIRED GANTRY 04;RTG-0049;NOELL;;JERMAN;2000;ALAT CY;;MASUK PERHITUNGAN;;;;;;;;;;;
2025;R4;TERMINAL PETIKEMAS MAKASSAR;SPTP;RUBBER TYRED GANTRY CRANE;RUBBER TYIRED GANTRY 05;RTG-0050;NOELL;;JERMAN;2000;ALAT CY;;MASUK PERHITUNGAN;;;;;;;;;;;
2025;R4;TERMINAL PETIKEMAS MAKASSAR;SPTP;RUBBER TYRED GANTRY CRANE;RUBBER TYIRED GANTRY 17;RTG-0088;ZPMC;;CHINA;2009;ALAT CY;;MASUK PERHITUNGAN;;;;;;;;;;;
2025;R4;TERMINAL PETIKEMAS MAKASSAR;SPTP;RUBBER TYRED GANTRY CRANE;RUBBER TYIRED GANTRY 18;RTG-0089;ZPMC;;CHINA;2009;ALAT CY;;MASUK PERHITUNGAN;;;;;;;;;;;
2025;R4;TERMINAL PETIKEMAS MAKASSAR;SPTP;RUBBER TYRED GANTRY CRANE;RUBBER TYIRED GANTRY 15;RTG-0117;KALMAR;;CHINA;2014;ALAT CY;;MASUK PERHITUNGAN;;;;;;;;;;;
2025;R4;TERMINAL PETIKEMAS MAKASSAR;SPTP;RUBBER TYRED GANTRY CRANE;RUBBER TYIRED GANTRY 16;RTG-0118;KALMAR;;CHINA;2014;ALAT CY;;MASUK PERHITUNGAN;;;;;;;;;;;
2025;R4;TERMINAL PETIKEMAS MAKASSAR;SPTP;SIDE LOADER;SIDE LOADER;SIL-0007;TEREX;;ITALIA;2010;ALAT CY;;MASUK PERHITUNGAN;;;;;;;;;;;
2025;R4;TERMINAL PETIKEMAS MAKASSAR;SPTP;TERMINAL TRACTOR;TERMINAL TRACTOR  12;TTR-0009;KALMAR OTTAWA;;CHINA;2008;ALAT PENDUKUNG;;MASUK PERHITUNGAN;;;;;;;;;;;
2025;R4;TERMINAL PETIKEMAS MAKASSAR;SPTP;TERMINAL TRACTOR;TERMINAL TRACTOR  24;TTR-0013;KALMAR OTTAWA;;CHINA;2010;ALAT PENDUKUNG;;MASUK PERHITUNGAN;;;;;;;;;;;
2025;R4;TERMINAL PETIKEMAS MAKASSAR;SPTP;TERMINAL TRACTOR;TERMINAL TRACTOR  20;TTR-0014;KALMAR OTTAWA;;CHINA;2011;ALAT PENDUKUNG;;MASUK PERHITUNGAN;;;;;;;;;;;
2025;R4;TERMINAL PETIKEMAS MAKASSAR;SPTP;TERMINAL TRACTOR;TERMINAL TRACTOR  21;TTR-0015;KALMAR OTTAWA;;CHINA;2011;ALAT PENDUKUNG;;MASUK PERHITUNGAN;;;;;;;;;;;
2025;R4;TERMINAL PETIKEMAS MAKASSAR;SPTP;TERMINAL TRACTOR;TERMINAL TRACTOR  23;TTR-0017;KALMAR OTTAWA;;CHINA;2011;ALAT PENDUKUNG;;MASUK PERHITUNGAN;;;;;;;;;;;
2025;R4;TERMINAL PETIKEMAS MAKASSAR;SPTP;TERMINAL TRACTOR;TERMINAL TRACTOR  25;TTR-0018;KALMAR OTTAWA;;CHINA;2011;ALAT PENDUKUNG;;MASUK PERHITUNGAN;;;;;;;;;;;
2025;R4;TERMINAL PETIKEMAS MAKASSAR;SPTP;TERMINAL TRACTOR;TERMINAL TRACTOR  26;TTR-0019;KALMAR OTTAWA;;CHINA;2011;ALAT PENDUKUNG;;MASUK PERHITUNGAN;;;;;;;;;;;
2025;R4;TERMINAL PETIKEMAS MAKASSAR;SPTP;TERMINAL TRACTOR;TERMINAL TRACTOR  28;TTR-0021;KALMAR OTTAWA;;CHINA;2011;ALAT PENDUKUNG;;MASUK PERHITUNGAN;;;;;;;;;;;
2025;R4;TERMINAL PETIKEMAS MAKASSAR;SPTP;TERMINAL TRACTOR;TERMINAL TRACTOR  29;TTR-0023;KALMAR OTTAWA;;CHINA;2014;ALAT PENDUKUNG;;MASUK PERHITUNGAN;;;;;;;;;;;
2025;R4;TERMINAL PETIKEMAS MAKASSAR;SPTP;TERMINAL TRACTOR;TERMINAL TRACTOR  30;TTR-0024;KALMAR OTTAWA;;CHINA;2014;ALAT PENDUKUNG;;MASUK PERHITUNGAN;;;;;;;;;;;
2025;R4;TERMINAL PETIKEMAS MAKASSAR;SPTP;TERMINAL TRACTOR;TERMINAL TRACTOR  01;TTR-0071;KALMAR;;CHINA;2019;ALAT PENDUKUNG;;MASUK PERHITUNGAN;;;;;;;;;;;
2025;R4;TERMINAL PETIKEMAS MAKASSAR;SPTP;TERMINAL TRACTOR;TERMINAL TRACTOR  02;TTR-0072;KALMAR;;CHINA;2019;ALAT PENDUKUNG;;MASUK PERHITUNGAN;;;;;;;;;;;
2025;R4;TERMINAL PETIKEMAS MAKASSAR;SPTP;TERMINAL TRACTOR;TERMINAL TRACTOR  03;TTR-0073;KALMAR;;CHINA;2019;ALAT PENDUKUNG;;MASUK PERHITUNGAN;;;;;;;;;;;
2025;R4;TERMINAL PETIKEMAS MAKASSAR;SPTP;TERMINAL TRACTOR;TERMINAL TRACTOR  04;TTR-0074;KALMAR;;CHINA;2019;ALAT PENDUKUNG;;MASUK PERHITUNGAN;;;;;;;;;;;
2025;R4;TERMINAL PETIKEMAS MAKASSAR;SPTP;TERMINAL TRACTOR;TERMINAL TRACTOR  05;TTR-0075;KALMAR;;CHINA;2019;ALAT PENDUKUNG;;MASUK PERHITUNGAN;;;;;;;;;;;
2025;R4;TERMINAL PETIKEMAS MAKASSAR;SPTP;TERMINAL TRACTOR;TERMINAL TRACTOR  36;TTR-0076;KALMAR;;CHINA;2019;ALAT PENDUKUNG;;MASUK PERHITUNGAN;;;;;;;;;;;
2025;R4;TERMINAL PETIKEMAS MAKASSAR;SPTP;TERMINAL TRACTOR;TERMINAL TRACTOR  06;TTR-0077;KALMAR;;CHINA;2019;ALAT PENDUKUNG;;MASUK PERHITUNGAN;;;;;;;;;;;
2025;R4;TERMINAL PETIKEMAS MAKASSAR;SPTP;TERMINAL TRACTOR;TERMINAL TRACTOR  09;TTR-0078;KALMAR;;CHINA;2019;ALAT PENDUKUNG;;MASUK PERHITUNGAN;;;;;;;;;;;
2025;R4;TERMINAL PETIKEMAS MAKASSAR;SPTP;TERMINAL TRACTOR;TERMINAL TRACTOR  07;TTR-0079;KALMAR;;CHINA;2019;ALAT PENDUKUNG;;MASUK PERHITUNGAN;;;;;;;;;;;
2025;R4;TERMINAL PETIKEMAS MAKASSAR;SPTP;TERMINAL TRACTOR;TERMINAL TRACTOR  35;TTR-0080;KALMAR;;CHINA;2019;ALAT PENDUKUNG;;MASUK PERHITUNGAN;;;;;;;;;;;
2025;R4;TERMINAL PETIKEMAS MAKASSAR;SPTP;TERMINAL TRACTOR;TERMINAL TRAKTOR (HT 19);TTR-0090;KALMAR;;CHINA;2019;ALAT PENDUKUNG;;TIDAK MASUK PERHITUNGAN;;Dobel. Alat telah di relokasi ke Makassar New Port dan tercatat disana.;;;;;;;;;
2025;R4;TERNATE;SPTP;CHASSIS;CHASIS 02;CHS-0051;PATRIA;;INDONESIA;1997;ALAT PENDUKUNG;;MASUK PERHITUNGAN;;;;;;;;;;;
2025;R4;TERNATE;SPTP;CHASSIS;CHASIS 01;CHS-0325;REMAJA;;INDONESIA;2015;ALAT PENDUKUNG;;MASUK PERHITUNGAN;;;;;;;;;;;
2025;R4;TERNATE;SPTP;CHASSIS;CHASIS 03;CHS-0401;PATRIA;;INDONESIA;2018;ALAT PENDUKUNG;;MASUK PERHITUNGAN;;;;;;;;;;;
2025;R4;TERNATE;SPTP;CHASSIS;CHASIS 04;CHS-0402;PATRIA;;INDONESIA;2018;ALAT PENDUKUNG;;MASUK PERHITUNGAN;;;;;;;;;;;
2025;R4;TERNATE;SPTP;CHASSIS;CHASIS 05;CHS-0403;PATRIA;;INDONESIA;2018;ALAT PENDUKUNG;;MASUK PERHITUNGAN;;;;;;;;;;;
2025;R4;TERNATE;SPTP;FORKLIFT;FORKLIFT DIESEL 5 Ton;FLT-0028;TCM;;CHINA;2005;ALAT CY;;MASUK PERHITUNGAN;;;;;;;;;;;
2025;R4;TERNATE;SPTP;FORKLIFT;FORKLIFT DIESEL 7 Ton;FLT-0111;MITSUBISHI;;JEPANG;2012;ALAT CY;;MASUK PERHITUNGAN;;;;;;;;;;;
2025;R4;TERNATE;SPTP;FORKLIFT;FORKLIFT DIESEL 32 Ton;FLT-0131;KALMAR;;CHINA;2013;ALAT CY;;MASUK PERHITUNGAN;;;;;;;;;;;
2025;R4;TERNATE;SPTP;HEAD TRUCK;HEAD TRUCK 01;HDT-0265;HINO;;INDONESIA;2015;ALAT PENDUKUNG;;MASUK PERHITUNGAN;;;;;;;;;;;
2025;R4;TERNATE;SPTP;HEAD TRUCK;HEAD TRUCK 02;HDT-0362;HINO;;INDONESIA;2018;ALAT PENDUKUNG;;MASUK PERHITUNGAN;;;;;;;;;;;
2025;R4;TERNATE;SPTP;HEAD TRUCK;HEAD TRUCK 03;HDT-0363;HINO;;INDONESIA;2018;ALAT PENDUKUNG;;MASUK PERHITUNGAN;;;;;;;;;;;
2025;R4;TERNATE;SPTP;QUAY CONTAINER CRANE;CONTAINER CRANE 01;QCC-0035;DOOSAN;;KOREA SELATAN;2005;ALAT DERMAGA;;MASUK PERHITUNGAN;;;;;;;;;;;
2025;R4;TERNATE;SPTP;REACH STACKER;REACH STACKER 01;RST-0064;KALMAR;;CHINA;2015;ALAT CY;;MASUK PERHITUNGAN;;;;;;;;;;;
2025;R4;TERNATE;SPTP;REACH STACKER;REACH STACKER 02;RST-0096;KALMAR;;CHINA;2018;ALAT CY;;MASUK PERHITUNGAN;;;;;;;;;;;
2025;R4;TERNATE;SPTP;TRONTON;TRONTON 02;TRN-0017;HINO;;INDONESIA;2012;ALAT PENDUKUNG;;MASUK PERHITUNGAN;;;;;;;;;;;
2025;R4;TERNATE;SPTP;TRONTON;TRONTON 04;TRN-0038;HINO;;INDONESIA;2018;ALAT PENDUKUNG;;MASUK PERHITUNGAN;;;;;;;;;;;
2025;R4;TERNATE;SPTP;TRONTON;TRONTON 05;TRN-0039;HINO;;INDONESIA;2018;ALAT PENDUKUNG;;MASUK PERHITUNGAN;;;;;;;;;;;
2025;R4;TERNATE;SPTP;TRONTON;TRONTON 06;TRN-0040;HINO;;INDONESIA;2018;ALAT PENDUKUNG;;MASUK PERHITUNGAN;;;;;;;;;;;
2025;R4;TOLITOLI;R4;CHASSIS;CHASSIS 01;CHS-0025;PATRIA;;INDONESIA;1992;ALAT PENDUKUNG;;MASUK PERHITUNGAN;;;;;;;;;;;
2025;R4;TOLITOLI;R4;CHASSIS;CHASSIS 02;CHS-0026;PATRIA;;INDONESIA;1992;ALAT PENDUKUNG;;MASUK PERHITUNGAN;;;;;;;;;;;
2025;R4;TOLITOLI;R4;CHASSIS;CHASSIS 03;CHS-0027;PATRIA;;INDONESIA;1992;ALAT PENDUKUNG;;MASUK PERHITUNGAN;;;;;;;;;;;
2025;R4;TOLITOLI;R4;CHASSIS;CHASSIS 04;CHS-0028;PATRIA;;INDONESIA;1992;ALAT PENDUKUNG;;MASUK PERHITUNGAN;;;;;;;;;;;
2025;R4;TOLITOLI;R4;CHASSIS;CHASSIS 05;CHS-0029;BUMI PALAPA;;INDONESIA;1992;ALAT PENDUKUNG;;MASUK PERHITUNGAN;;;;;;;;;;;
2025;R4;TOLITOLI;R4;CHASSIS;CHASSIS 07;CHS-0030;PATRIA;;INDONESIA;1992;ALAT PENDUKUNG;;MASUK PERHITUNGAN;;;;;;;;;;;
2025;R4;TOLITOLI;R4;CHASSIS;CHASSIS 08;CHS-0135;PATRIA;;INDONESIA;2010;ALAT PENDUKUNG;;MASUK PERHITUNGAN;;;;;;;;;;;
2025;R4;TOLITOLI;R4;CHASSIS;CHASSIS 06;CHS-0248;PATRIA;;INDONESIA;2013;ALAT PENDUKUNG;;MASUK PERHITUNGAN;;;;;;;;;;;
2025;R4;TOLITOLI;R4;FORKLIFT;FORKLIFT 02 5 ton;FLT-0025;TCM;FD 50 T8;CHINA;2004;ALAT CY;;MASUK PERHITUNGAN;;;;;;;man power;bulan;;;fc
2025;R4;TOLITOLI;R4;FORKLIFT;FORKLIFT 01 32 Ton;FLT-0138;KALMAR;DCF330-12;CHINA;2014;ALAT CY;;MASUK PERHITUNGAN;;;;;;;4;12;#REF!;#REF!;#REF!
2025;R4;TOLITOLI;R4;HEAD TRUCK;HEADTRUCK 01;HDT-0001;NISSAN;;INDONESIA;1999;ALAT PENDUKUNG;;TIDAK MASUK PERHITUNGAN;;Usul Hapus;;;;;;;;;
2025;R4;TOLITOLI;R4;HEAD TRUCK;HEAD TRUCK 02;HDT-0002;NISSAN;;INDONESIA;1999;ALAT PENDUKUNG;;TIDAK MASUK PERHITUNGAN;;Usul Hapus;;;;;;;;;
2025;R4;TOLITOLI;R4;HEAD TRUCK;HEAD TRUCK 03;HDT-0003;HINO;SG 280;INDONESIA;1999;ALAT PENDUKUNG;;MASUK PERHITUNGAN;;;;;;;;;;;
2025;R4;TOLITOLI;R4;HEAD TRUCK;HEAD TRUCK 04;HDT-0004;HINO;FM 320;INDONESIA;2013;ALAT PENDUKUNG;;MASUK PERHITUNGAN;;;;;;;;;;;
2025;R4;TOLITOLI;R4;HEAD TRUCK;HEAD TRUCK 02R;HDT-0005;NISSAN;CWB 450;INDONESIA;2014;ALAT PENDUKUNG;;MASUK PERHITUNGAN;;;;;;;;;;;
2025;R4;TOLITOLI;R4;HEAD TRUCK;HEAD TRUCK 15R;HDT-0006;NISSAN;CWB 450;INDONESIA;1999;ALAT PENDUKUNG;;MASUK PERHITUNGAN;;;;;;;;;;;
2025;R4;TOLITOLI;R4;REACH STACKER;REACH STACKER;RST-0106;SANY;SRSC45H1;CHINA;2019;ALAT CY;;MASUK PERHITUNGAN;;;;;;;;;;;
2025;R4;TOLITOLI;R4;TRONTON;TRONTON 01;TRN-0044;NISSAN;QUESTER CWE 280;INDONESIA;2019;ALAT PENDUKUNG;;MASUK PERHITUNGAN;;;;;;;;;;;
